1.382457097489387277e+00;2.378335651850643107e+00;1.705755260114587557e+00;4.795321463429073283e+00;1.866909123294594686e+00;-2.797861439216934532e+00
-1.695009265478874649e+00;-2.538137488405940445e+00;1.205556341418256849e+00;4.748375343354845235e+00;1.754729005769961159e+00;9.441561325479875810e-01
-1.210889372909169648e+00;-2.358039817150902273e+00;1.078550196515686732e+00;3.724936429926693382e+00;1.983459468421461036e+00;8.617541029063642277e-01
1.019954562499757955e+01;-1.172070660488097182e+01;3.715306660483784107e+00;1.436662976516473975e+02;-7.975456074089169789e+00;-1.645210409319046718e+01
-2.839305240292715471e-01;1.075509563288619574e+01;3.072403615413398015e+00;1.207382023407025287e+02;-6.999195526697096881e+00;-3.543975586741068895e+01
2.031245629506092332e+00;-2.369376581734851683e+01;4.819145903732123593e+00;5.592693246393095023e+02;-1.964980518465227632e+01;-8.825681250244510068e+01
5.659916345152541384e-01;1.985644777414276696e+00;1.546002278695933096e+00;3.348772538734120729e+00;2.229910333354434115e+00;-2.181178041469936879e+00
2.350368566553303840e+00;-5.292335268308220542e+00;2.189306238848394592e+00;2.695973347491309013e+01;-1.201058563391653955e+00;-3.004201774908438760e-01
1.225794994656922476e+01;-1.245388696348332935e+01;3.491713231227442371e+00;1.542541541308469846e+02;-8.421224442533699062e+00;-1.846880140877525278e+01
3.645731178268930339e+00;-5.034571315810697278e+00;2.658568224358620835e+00;2.922849157314568913e+01;-1.374781943949612284e+00;-6.266361691282729129e-02
7.812375964557791264e+00;9.594639394860728032e+00;2.731557805041616493e+00;1.001677826878503197e+02;-6.030117695652535303e+00;-3.058624819417276797e+01
-1.043416578439857023e+00;-4.640690011370307566e+00;1.991524196572823424e+00;2.019755525120274342e+01;-5.088167527444094063e-01;3.110577921527828971e-01
7.093148466104134187e+00;9.277029854865574521e+00;3.526170488025818894e+00;7.627563227215441088e+01;-4.700524520863822886e+00;-2.326384457449260168e+01
3.287032908421446464e+00;-1.072148052874748991e+01;3.875713432379071399e+00;1.269497803747162266e+02;-7.243988287777867185e+00;-1.351895847632892433e+01
-4.442736546174760548e+00;-1.017330003650297066e+01;3.593317214517956604e+00;1.110774959513898494e+02;-6.522739949209217514e+00;-1.127343134582125650e+01
1.857465795880642867e-01;5.190653849889931282e-01;7.609078861873423971e-01;3.793965634308830714e-01;3.832161374096823447e+00;1.777541723136268070e-01
-5.098527939054701363e+00;6.015715882078492172e+00;2.592604949650524571e+00;3.427754717619573199e+01;-1.839647113257321109e+00;-1.248387402591106365e+01
1.582243407123213430e+01;-2.587316814252295671e+01;5.291797497826308039e+00;6.793136266281906046e+02;-2.206006014245286906e+01;-1.095783947832693457e+02
1.504599609486841238e+01;1.556379539423392622e+01;4.045909757688821884e+00;2.387660911182200039e+02;-1.144832083292254232e+01;-6.306296958299287780e+01
-1.431374313441319823e-01;1.493210945770459430e+00;1.385161186806603384e+00;1.742243483838149976e+00;2.793577648946686587e+00;-1.210724734160367744e+00
1.290046375354440222e+01;-1.214396923102113313e+01;3.922445310635719995e+00;1.573102281048423379e+02;-8.527056357284383381e+00;-1.847528471216817891e+01
2.832219771547884957e+00;-7.157016127802493521e+00;3.104401117374573804e+00;5.690192629572825922e+01;-3.519285655439064797e+00;-3.426376170542702049e+00
6.312250327270254147e+00;1.045479942993847899e+01;3.320022732061028936e+00;1.072720484203921671e+02;-6.352271260498955741e+00;-3.168364714124995984e+01
-5.499056743811066461e+00;1.136692504649535351e+01;3.272224036664973745e+00;1.317524536522651033e+02;-7.483420624093831464e+00;-3.797370604766502566e+01
2.372668158506825886e+00;8.584864962060995808e+00;3.340772075552154163e+00;6.591323159337085258e+01;-4.088041027255313153e+00;-2.067449862416266626e+01
-1.255067511319456042e+00;-8.009106343856451815e+00;2.832971981296189767e+00;6.418824750929901768e+01;-4.011601133344740333e+00;-4.823054621129115205e+00
1.733484480465819821e+00;2.309037290881527760e+00;1.430712295915491206e+00;5.824777135466447930e+00;1.559448572032959390e+00;-3.763323819562945705e+00
-6.721306053405615710e-01;-1.852731532509075629e+00;1.547281681567388434e+00;4.094940648157654017e+00;2.010487561656554067e+00;1.334661395713159449e+00
-1.029738530615322167e+00;4.763273623136221047e-01;4.989048573032870970e-01;4.327257216238779569e-01;3.045689138023031539e+00;-1.614436205897759047e+00
-6.975083803862927034e-01;2.454806299733762187e-01;4.518336038964983481e-01;-4.512787041110299935e-03;3.497434267061152013e+00;-8.101652990891925477e-01
-7.799643355477908102e+00;-1.020593407783005624e+01;3.105122780725942278e+00;1.025095635072818112e+02;-6.128522831753802080e+00;-1.046628336499406409e+01
-1.250887260855752281e+01;1.273369579578757360e+01;3.651493158225557867e+00;1.597921164452901905e+02;-8.637068041726660539e+00;-4.447953802591160155e+01
2.912099153409026364e+00;2.953605081071517979e+00;1.703894848177248456e+00;8.825947689054574496e+00;1.025663198353333083e+00;-4.764404404147760452e+00
1.103446862500466885e+01;-1.220922631706304706e+01;3.423409904751635313e+00;1.474958233023426999e+02;-8.147333696056483276e+00;-1.742610210961993289e+01
1.733691911210204939e+00;2.204625329823838964e+00;1.271847401288579427e+00;6.036374281145916676e+00;1.479666128749488774e+00;-4.106458977191700832e+00
7.868982145801287409e+00;8.841283295703986411e+00;2.879237141524875643e+00;8.006890370161114845e+01;-4.954443825935989310e+00;-2.510401720253662461e+01
6.494027970827266572e+00;8.720141755452942789e+00;2.975620518408897297e+00;7.559362725011550310e+01;-4.692892376606845772e+00;-2.377891857201462855e+01
-5.565942597023292748e+00;6.798758841107898299e+00;2.470373508866000378e+00;4.838509601766761392e+01;-2.968101512542896891e+00;-1.684833192179841532e+01
1.022626894117328433e+01;2.103532068950733347e+01;4.684769496200318351e+00;4.379630287095228596e+02;-1.692492859277641415e+01;-1.083850638186038680e+02
4.042430914821875110e-01;-4.581385680253917236e+00;2.360163095173672065e+00;2.283455699782888360e+01;-7.598424575345221754e-01;4.070791907054718273e-01
-5.732189212558055358e-01;-1.744157676261400169e+00;1.666508394518908531e+00;4.242745948246287924e+00;2.002620648658340663e+00;1.452696171788713020e+00
1.372218232636558177e+00;-8.378886070990462898e+00;1.930564243441742267e+00;5.633341677034661643e+01;-3.559919530698620882e+00;-4.689523671720913889e+00
3.241286395859798164e-01;-9.873748545499969609e-01;6.452280180575405977e-01;3.515436584526588915e-01;3.239476889143774407e+00;4.179922867331676839e-01
-3.066698059323504033e+00;-1.689581957435886750e+01;4.324738324403678114e+00;2.921540959781361266e+02;-1.308692456208574839e+01;-4.111456864826921986e+01
5.355657881194393788e+00;-5.729451863812833778e+00;2.518782568431874758e+00;3.412821347605908073e+01;-1.833061292919239804e+00;-8.682500873648894002e-01
-3.338472369647529359e+00;6.930940175459070929e+00;2.194222972607774214e+00;5.525923456530117761e+01;-3.469813081413454015e+00;-1.916830748161895315e+01
-5.040824800328928212e+00;6.104513736302389582e+00;2.675789405316181035e+00;3.444197573053800454e+01;-1.846724417270411145e+00;-1.242577238053963740e+01
-7.918957812515287076e-01;-4.627338018960371890e+00;2.060610690141803314e+00;2.066507352458359392e+01;-5.539500930998482175e-01;3.328698771505009812e-01
3.427371257111637259e+00;-5.590528918570532468e+00;2.173344012572963724e+00;2.935989431707807995e+01;-1.432994457746325168e+00;-6.280257586583386509e-01
8.739227520636310587e+00;9.046987282145240172e+00;2.909451169277372351e+00;8.387736922179408339e+01;-5.164893648490375355e+00;-2.608185513246335674e+01
-9.163792957512672643e+00;-9.166602173140063314e+00;3.299723313959289417e+00;8.859992729074376427e+01;-5.400329765411040484e+00;-8.039182582012539768e+00
-2.529746416572308476e+00;-3.845351038759542206e+00;2.128434722148216274e+00;1.596639558944341530e+01;2.096588222382944622e-02;9.461746947074414216e-01
5.199211458141959952e+00;8.648013413537066540e+00;3.072010747219746651e+00;7.223354408910681457e+01;-4.489714054681165578e+00;-2.274646364187544734e+01
1.254924057301913187e+01;-1.263645574513930470e+01;3.508085955646081722e+00;1.586063016294279464e+02;-8.595524326065270060e+00;-1.917485370270916079e+01
-3.265313206525603196e+00;-4.644284773006263300e+00;1.353320995815361805e+00;1.533848084384097454e+01;1.915339075170496841e-03;1.549483576589137934e-01
1.262333381920209163e+01;-1.248610734117947274e+01;3.612330866464916745e+00;1.576999989559333812e+02;-8.555118011611877904e+00;-1.890206897505591499e+01
-2.957361858434389923e+00;-3.022909833928011381e+00;2.144700071487120496e+00;1.147295077587908629e+01;6.599660665812994154e-01;1.425992697631710326e+00
6.164712151769255577e+00;-6.140891531877699983e+00;2.515331274527845107e+00;3.812326821952420630e+01;-2.171893265888019897e+00;-1.415558297204438265e+00
-8.578898990460686491e+00;1.808398741547406630e+01;4.503030244815643179e+00;3.171224877088473590e+02;-1.379995665582354292e+01;-8.088361728601238099e+01
-1.843785993575322024e+00;-4.165675662552835945e+00;2.136654852524463077e+00;1.807637491342220315e+01;-2.425784733597229348e-01;7.195868636435462928e-01
-4.392340542003196013e+00;5.239360884119344419e+00;2.051284656111408200e+00;3.041396099148547449e+01;-1.542281240407572973e+00;-1.198857786625054445e+01
-6.160607621386779975e-01;-1.906288030006753287e+00;1.366661876814084353e+00;3.584516539739410312e+00;2.104002385279533982e+00;1.166745808429039855e+00
-4.892699754285179559e+00;6.376937395025165323e+00;2.925345497243800885e+00;3.502341126694620499e+01;-1.875544053574580872e+00;-1.227855429722312053e+01
-1.193299697206090748e+01;1.241936740978136200e+01;3.594509308904312750e+00;1.522912426598252011e+02;-8.337308615138994128e+00;-4.269708659353319291e+01
4.960892957504754008e+00;-5.866675050178280060e+00;2.313347747160530155e+00;3.327868909568528011e+01;-1.776572643239585858e+00;-9.872880642239039162e-01
-2.050241971337269486e+00;5.497970719123640215e+00;2.589652959075673611e+00;2.720172553793572945e+01;-1.185483413567066435e+00;-1.025084375448632379e+01
3.066228083981848318e+00;3.184147487366534524e+00;1.624035699443818759e+00;1.137616918905719388e+01;5.944842623570836260e-01;-5.946391475786013459e+00
-1.151290671930438059e+01;-1.517130366924608431e+01;3.695323703345918531e+00;2.246542233997646463e+02;-1.099437081875255551e+01;-3.014879328179260654e+01
9.075552645239612914e+00;9.547320455635007974e+00;3.462778608137078162e+00;8.328128925369267677e+01;-5.101393421885646262e+00;-2.522253883212495040e+01
-2.139636378771998082e+00;1.148928846175150476e+01;3.625073474002759255e+00;1.260025389757689567e+02;-7.212761105990249888e+00;-3.608143607423053112e+01
-2.538806810340462627e-01;7.701005006351087090e-01;9.606552662769537454e-01;5.229370396374275476e-01;3.446740831753408507e+00;-3.976369773078568537e-01
9.036057662540049051e+00;9.043025954279576339e+00;2.720480870392926853e+00;8.775833395010923255e+01;-5.386242625307371412e+00;-2.734976942056256988e+01
4.748450220374428321e-01;1.804682191966760607e+00;1.308671682941690229e+00;3.403546526632637903e+00;2.140270492095623922e+00;-2.606495592356042668e+00
9.334652202866349668e+00;9.744390880052065995e+00;3.145252863018161982e+00;9.443317208791211215e+01;-5.716223804132582131e+00;-2.856905773061162535e+01
5.973243274602478614e+00;-6.884600020481000726e+00;2.343527292640594339e+00;4.398032947780440338e+01;-2.649470574684912094e+00;-2.428750655831274585e+00
-1.201541784924462952e+01;1.322259666785899945e+01;3.988918099863206557e+00;1.645883958160425209e+02;-8.813236745396537231e+00;-4.523968400165008319e+01
-9.672195173759774889e+00;-9.760771709762071424e+00;2.573163517554680091e+00;8.576580774204241209e+01;-5.286550947693701374e+00;-8.435675515196823682e+00
-9.301902225316430517e+00;1.326028104399558849e+01;3.537282746323723970e+00;1.789305380834805135e+02;-9.381003727950897542e+00;-4.931197856539336755e+01
-2.949131599280029103e+00;-2.972548802175966287e+00;1.781295473213101888e+00;9.146155376484433219e+00;9.830831430554973771e-01;1.240927447369859715e+00
8.529909387128709053e-01;2.179475050174839890e+00;1.681478829430966604e+00;3.786873246235426649e+00;2.137136031710946682e+00;-2.240305319273195206e+00
-1.969868052741886588e+00;-2.422874886615702383e+00;1.703514867658298737e+00;6.534753986428349926e+00;1.465592500496340378e+00;1.361295837683538679e+00
-4.535553636701642688e+00;-8.466652250098567478e+00;2.850391826756009550e+00;7.077855248591043846e+01;-4.416008340956675937e+00;-5.800474847195681960e+00
-5.387455235594205583e+00;5.317296344255963092e+00;1.964732971686564245e+00;3.263615295342630418e+01;-1.750605356448943439e+00;-1.279780676176578069e+01
1.051133261257867074e-01;1.646164311727996266e+00;1.299620665986923163e+00;2.648115005735695249e+00;2.381093974451965245e+00;-2.115819083279219637e+00
-5.704093697343056490e+00;6.883033512756126626e+00;3.098027182804635959e+00;4.020044335413592052e+01;-2.293738848220533200e+00;-1.362667392160500413e+01
1.553434496209952975e+01;1.601742621673807676e+01;4.057084901473223759e+00;2.546142879926190119e+02;-1.195467119598087535e+01;-6.680222276959604244e+01
1.275962133334651227e+01;-1.247329174780628946e+01;3.709130464399133409e+00;1.596402542858877780e+02;-8.628729795136088399e+00;-1.911279540524570919e+01
-4.758541772916493606e+00;7.144548593998199415e+00;2.696012733509542070e+00;5.066794303010170353e+01;-3.116146494456081939e+00;-1.721565258102588203e+01
-6.654921250556352419e+00;6.098137053377630679e+00;2.230083332468121515e+00;4.062690410343462588e+01;-2.397352545851146211e+00;-1.488179195750628736e+01
5.277078558163106337e-01;4.253793581003411539e+00;1.849602434590489786e+00;2.027178645306218741e+01;-5.333599978254826013e-01;-8.923196988624404469e+00
1.578429555828039232e+00;-3.829273018226251324e+00;3.200725333825612751e+00;2.434936361197837584e+01;-8.318511447905807543e-01;1.165072174272100858e+00
-4.157960121761991701e+00;5.267458738053351297e+00;2.108757693449799575e+00;3.006716172211983107e+01;-1.504967830472687673e+00;-1.180341108579985843e+01
-5.461687537332983844e+00;-8.187951230855464502e+00;3.351815048776032757e+00;7.448389585982577898e+01;-4.606143370861301989e+00;-5.788805233096848468e+00
-9.653041650002064600e+00;-1.700112212564459924e+01;3.768449965171372984e+00;2.780683393152668259e+02;-1.268486140301723353e+01;-3.930831932718896837e+01
-1.208888149751416119e+00;7.784464400455290090e+00;2.873682880067551793e+00;5.912301305692947295e+01;-3.682516874778240634e+00;-1.938478245535167233e+01
-2.749762276126483052e+00;-3.755664056947976892e+00;2.092063217102306805e+00;1.516445638296820597e+01;1.216303902118789360e-01;9.927249966026526762e-01
9.280822113589255906e+00;9.429058503740415986e+00;3.224228547696525116e+00;8.566222871921868887e+01;-5.245465694603019813e+00;-2.615760006748188360e+01
4.914183551526147831e+00;-5.569520605434969518e+00;2.524242284338571896e+00;3.268505663428961583e+01;-1.705205656521352253e+00;-6.689836090329112084e-01
3.907204774540550485e+00;-5.008613041595082471e+00;2.733733783096020886e+00;2.973184075577897900e+01;-1.415272926702034972e+00;-4.310336232541672752e-02
3.545863758501374141e-01;-1.161097829069755338e+00;7.885781609631132838e-01;7.396579342569847837e-01;3.033454479626786160e+00;5.851511630859667079e-01
-1.005675640160384177e+01;1.175144740947810895e+01;3.247746837073532511e+00;1.428872796352137016e+02;-7.962365908735229425e+00;-4.079292403488651075e+01
3.824721728047402181e+00;1.094316306776037884e+01;3.550583396380399215e+00;1.138598692846709923e+02;-6.657101270387659753e+00;-3.308580097047460100e+01
2.548268022377880637e+00;3.984431479586834968e+00;1.973249925052137810e+00;1.608898245388781589e+01;-1.490412021451614777e-02;-7.269267779745296920e+00
-2.701597221392759707e+00;4.670248748260465099e+00;1.784563551800986581e+00;2.610297837556101541e+01;-1.156471800333440214e+00;-1.096053513793321343e+01
4.377532619782861900e+00;-7.141740042278497569e+00;2.758938323411631366e+00;5.212432280152577135e+01;-3.214665439525181689e+00;-3.122688644083950749e+00
3.160087429018856753e+00;3.627052825654082824e+00;1.885493880629422803e+00;1.331710600767069863e+01;3.472150117687036186e-01;-6.347084784858092021e+00
1.244094298686229649e+01;-1.277803004885781846e+01;3.391971794666530648e+00;1.590497407696287553e+02;-8.617841698179109500e+00;-1.938433247656109160e+01
-1.670562563416088153e+01;-2.110835577007400587e+01;4.848012091369356291e+00;4.555028652430341367e+02;-1.733715231006799939e+01;-6.948886489054603999e+01
1.819800854455239369e-01;-1.328001228824229996e+00;1.624388920237174849e+00;3.099995998692824717e+00;2.337132175208791018e+00;1.444708540213018200e+00
5.916351760901724433e+00;-6.144592685330382942e+00;2.411001905003169465e+00;3.700942258784685635e+01;-2.088172377312029759e+00;-1.381416509879365595e+00
9.824157155225939908e-01;-2.220801733911011988e-01;1.277487984325649251e+00;9.129092436008038325e-01;3.323144266703898175e+00;1.040004556461941343e+00
9.001527532295556355e+00;-1.153561317819043808e+01;3.727039851407372595e+00;1.400964099701741361e+02;-7.824042484037637024e+00;-1.584912434298055217e+01
-2.493406651714159850e+01;2.539675460798063611e+01;5.175897708812819964e+00;6.374781117396400987e+02;-2.124533000652162329e+01;-1.525592428326988284e+02
-3.228415655172411913e+00;-3.697420032364608034e+00;1.867932827128886641e+00;1.330703804577786720e+01;3.461514136715964085e-01;9.401552419293845997e-01
-6.369459876884187466e+00;-8.941026900091634033e+00;2.629379213457585518e+00;7.420832139727589549e+01;-4.632324364441263498e+00;-6.579782957794359177e+00
-7.867988831907417158e+00;1.367326606042417758e+01;3.848418275527671906e+00;1.823956514667654858e+02;-9.498937856853586936e+00;-4.976887430592197603e+01
-2.951703079194516466e-01;-5.241394013441046162e+00;1.691797228257447827e+00;2.210307332368039823e+01;-7.530436260439952179e-01;-2.535915035685461505e-01
8.467405784090416887e+00;9.332854064856629606e+00;2.623706207150642289e+00;9.645239513364555251e+01;-5.847167542565443910e+00;-2.975482274254513015e+01
7.837123737678036939e+00;1.478230985490881366e+01;3.922814201343421292e+00;2.159618259411476231e+02;-1.069258665945847930e+01;-5.777728401314760021e+01
-2.236463634348563045e-01;1.428081594143999844e+01;3.927885352304945066e+00;1.992396364657929269e+02;-1.010914473890085929e+01;-5.375106658901248124e+01
-2.342156884649943649e+00;-3.793241587174946972e+00;2.230798657703922938e+00;1.638025976219841695e+01;-1.923681049946335264e-02;1.014379126049199886e+00
6.987435425745063711e+00;8.716520892108258423e+00;2.894096162224877311e+00;7.713515148744430405e+01;-4.786653763452171972e+00;-2.429784350655373260e+01
2.489057167481852351e-01;-8.241560994172617782e+00;2.303717829678177065e+00;5.973045307072837318e+01;-3.759661861414242523e+00;-4.764707712041480470e+00
3.599812212452956128e+00;3.988291542917971721e+00;2.278443982373747456e+00;1.340910477235664189e+01;3.902068831771670077e-01;-5.837415959979995961e+00
8.481062898451567023e+00;9.205897286983983463e+00;2.526671165733236357e+00;9.566120423481847013e+01;-5.811568447250682112e+00;-2.967061468653441381e+01
5.408963637889774745e+00;-1.381175210877263204e+01;3.618224503826138694e+00;1.882951372125479566e+02;-9.725220185337047241e+00;-2.403764556529524299e+01
-1.191777341953831382e+01;1.228905735437471947e+01;3.489440111399567890e+00;1.514649792232151526e+02;-8.307875417230672355e+00;-4.262345293730084705e+01
1.207558648199270479e+01;-1.745411473404399771e+01;4.762510730937796311e+00;3.236853726501157666e+02;-1.397672826514910227e+01;-4.613321002754792488e+01
2.885032467582631099e+00;-7.405924128598162959e+00;2.792385728288799829e+00;5.580004192099356430e+01;-3.465925310319682318e+00;-3.622081655813206957e+00
6.472909532239247810e+00;-6.097068889913307643e+00;2.694914564441049265e+00;3.968907948328340041e+01;-2.284994353217746799e+00;-1.427310987473606074e+00
4.618542180966703548e+00;8.213881533603540674e+00;2.656658552855128974e+00;7.143762414282869599e+01;-4.467041019677578717e+00;-2.305835723153215966e+01
1.219942549736783022e+01;-1.825187512362710507e+01;4.032974520933930052e+00;3.251467114979053576e+02;-1.403776110056261572e+01;-4.724851802669584089e+01
2.413984515762741812e-01;1.788980443602897763e+00;1.448478547796081539e+00;2.768735259243378266e+00;2.391056892514101584e+00;-1.946645355994174986e+00
-3.394475309498421911e+00;-3.472909709090556962e+00;1.717762341544666116e+00;1.116239031982118846e+01;6.418527725199827394e-01;9.879541855831324160e-01
-1.852492655897655549e+00;-4.746143906734288542e+00;1.711931430805837318e+00;1.870205994001271677e+01;-3.680800986371419725e-01;1.739915409180225470e-01
-6.439261793915445509e+00;6.433057478449863531e+00;2.416876526191559016e+00;4.316957886467559291e+01;-2.581654494150891210e+00;-1.539388668592724230e+01
-8.809446418995113604e+00;-1.071043838781761259e+01;2.509709456475648359e+00;1.003415940830128221e+02;-6.049977842196183175e+00;-1.081089362915209584e+01
-4.746567104102854096e+00;7.239522241692712967e+00;2.810150440772994251e+00;5.045133490210655225e+01;-3.092557368761672976e+00;-1.700646650166573437e+01
-2.419419907005330383e+00;-1.035513476657478904e+01;3.652812998534964439e+00;1.155521947341409259e+02;-6.731977987011713793e+00;-1.192624909529216026e+01
2.957568258442303311e+00;2.957592346841306341e+00;1.585643622687426202e+00;9.706295566990970514e+00;8.544937686428211165e-01;-5.312262006174419682e+00
-2.833991057192086216e-01;1.334114003502601564e+00;1.075891303487000350e+00;2.027188248191286846e+00;2.528879902026178073e+00;-2.040965060977543377e+00
-6.530132965540891288e-01;-4.886386657285993529e+00;1.891880036625560813e+00;2.115157642294207463e+01;-6.271788617355715800e-01;8.581422248664927199e-02
-7.445636150353107219e+00;-1.001566881325308778e+01;3.322852339039327862e+00;1.032049746717667631e+02;-6.152260017715482476e+00;-1.032482547128299721e+01
1.446685833519490316e+01;1.558030830296326918e+01;3.508318449371426340e+00;2.581371055034380220e+02;-1.208225905318207438e+01;-6.831202105413224501e+01
-9.489762872329361443e+00;-9.648837917696196698e+00;3.057688946315787692e+00;9.225279859418050421e+01;-5.607009276332771464e+00;-8.893744812139440015e+00
-7.480621767950245804e+00;1.106301476884776847e+01;2.841707258910040501e+00;1.347312901317260980e+02;-7.631858576306040476e+00;-3.926072917160119147e+01
-1.317060021650289237e+00;-1.792482708466603292e+00;2.310800894971765107e+00;7.058787821855195155e+00;1.483168793200090541e+00;1.974291840428838096e+00
-4.107868214707507626e+00;-1.470255484513691435e+01;3.497677087907221427e+00;2.072022555168777558e+02;-1.040485861596864225e+01;-2.739282796240883755e+01
2.878658381267687361e+00;-7.386765935379208337e+00;2.816992743294795432e+00;5.589260475672658401e+01;-3.470531393332930925e+00;-3.607471008467919127e+00
-2.148409428574211333e+01;-2.200865859510508571e+01;4.428487524112411755e+00;4.737470579141107692e+02;-1.777118579037083634e+01;-7.326319315813242383e+01
-3.157547472015798107e-04;-7.748773997528797253e-01;2.638043611398491750e-01;-2.086002729856669957e-01;3.596519437526621399e+00;-4.755876648891432801e-04
7.713462829675897803e-01;-5.115964166138027291e-01;1.084148597720589136e+00;7.689759405605579579e-01;3.262836972273111869e+00;8.540477729504787341e-01
2.625761448772576667e-01;-1.381218382895525343e+00;9.828911864750249361e-01;1.421799584961754181e+00;2.752711252294778976e+00;8.022132684845050266e-01
9.407490613798749735e+00;9.461185975474680987e+00;3.017437389185694929e+00;9.076972359693643000e+01;-5.530976559678457249e+00;-2.776866998011027476e+01
3.888734160727850053e+00;-1.149237920624154796e+01;3.235420481482812693e+00;1.288622776118515389e+02;-7.357683450745895470e+00;-1.457640697821919318e+01
3.152626665308040366e+00;3.515088425200202149e+00;1.816478869180812028e+00;1.284123908413273618e+01;4.054643871927190446e-01;-6.258120054762323470e+00
1.467322949852540415e+00;-4.879427253006302756e+00;2.342226143241997072e+00;2.499114102334328535e+01;-9.882208662142586419e-01;1.205449973951494835e-01
4.189325783560432725e+00;-5.719661108248754289e+00;2.238988405122853020e+00;3.116200039123375731e+01;-1.593575428226232660e+00;-7.901274660475459122e-01
-9.076327535606482755e+00;-9.943103106665157398e+00;3.042457046197441173e+00;9.687742993666380187e+01;-5.847489214458208906e+00;-9.642733443522891079e+00
-1.441642654626293929e+00;-1.718734618375247791e+01;4.153672871961392232e+00;2.956546340281224161e+02;-1.319440533648630165e+01;-4.192805048585760375e+01
9.204510701713678245e+00;9.296613841091284414e+00;2.825459111051836114e+00;9.119679520221124847e+01;-5.563673723227241297e+00;-2.812350462223264103e+01
-1.456374909293435049e+00;-2.377487876986344784e+00;1.290257308078396337e+00;4.600091133495017637e+00;1.811584293588254901e+00;1.041510875023222038e+00
-8.952748820429842880e+00;-9.837917442366867604e+00;3.152781463840846676e+00;9.707436729033757672e+01;-5.851921789344451952e+00;-9.546146452349960398e+00
3.200743095856118714e+00;3.394068076096100839e+00;1.781999726070718104e+00;1.200448116832295042e+01;5.233553970574771341e-01;-5.976632668822819738e+00
8.694505878541114452e-01;-5.377422464153378545e-01;1.228504056129741562e+00;1.024782580935197807e+00;3.153699577601441817e+00;1.011613717391382616e+00
8.164413815741498048e-01;1.819788532776153600e+00;1.150882719730535353e+00;4.218549872406446077e+00;1.872498436366252683e+00;-3.340467175144149259e+00
1.402663489530796248e+01;1.621541672805011203e+01;4.011194390735296267e+00;2.635014019366975049e+02;-1.223327636599088564e+01;-6.895498831885932134e+01
-1.877327480399304305e+00;-4.933086075437250528e+00;1.566566588588643949e+00;1.884302094903686253e+01;-4.016432983718951633e-01;-4.692223913903337262e-03
-1.461037029365123807e+01;2.580456488417544847e+01;4.791039280992748672e+00;6.821831285648709127e+02;-2.212476465610358645e+01;-1.629456300953915502e+02
5.298578461670699902e+00;-6.075193696982203129e+00;2.254279165936735829e+00;3.463991547918695346e+01;-1.900399141941786496e+00;-1.237337419944103178e+00
1.595403832547650946e+00;-4.910516342587352590e+00;2.343175889253714228e+00;2.524815080498304809e+01;-1.014405421037738897e+00;8.944215418159297271e-02
-2.856757378841332073e+00;-2.873507437355657945e+00;2.170669045710860612e+00;1.088855335586411854e+01;7.567312689014995541e-01;1.509271612417087738e+00
1.277410130084795370e-01;-1.090243001043599236e+01;3.412419987921552877e+00;1.210621000003495027e+02;-6.998457723137720521e+00;-1.309872902169010800e+01
5.428986744143353249e+00;-5.812811979059002709e+00;2.478805438949971851e+00;3.450151279797757553e+01;-1.869012857345836665e+00;-9.638486483054784504e-01
-6.791549090784570808e+00;-1.010663133975496741e+01;3.347668789933547551e+00;1.052567902269240534e+02;-6.252368184110839167e+00;-1.062410564804692648e+01
5.190186885003871708e+00;8.337141327478200026e+00;2.721687027539116510e+00;7.268572323995512363e+01;-4.537324300566508484e+00;-2.331468851626350158e+01
1.916936553337549753e+00;4.080806947593465850e+00;1.926043678997208630e+00;1.756148667964775711e+01;-2.054931833771185268e-01;-7.867414002247053340e+00
2.104181228420574090e+00;-7.220072180395629147e+00;3.172263125025332364e+00;5.862806475765486169e+01;-3.630076072094928108e+00;-3.603532209396885566e+00
-3.389208560273289539e+00;7.356749284133555555e+00;2.692963394386717280e+00;5.444791916843693258e+01;-3.380491979815351655e+00;-1.829856704832089420e+01
7.020583712498912554e+00;1.006759439602911677e+01;3.046435774647250128e+00;1.042506505909449430e+02;-6.217667219807221812e+00;-3.124788472652993576e+01
-1.101919320763984977e+01;1.196117516865624175e+01;3.331149442421662776e+00;1.465024143572907747e+02;-8.109962927961248624e+00;-4.158899111058541109e+01
9.424851953655210224e+00;9.860241953738395182e+00;3.253620498880175127e+00;9.471338685317711281e+01;-5.725136578904331586e+00;-2.850568749973887250e+01
1.173946583129138244e+00;4.694018490852760017e+00;2.319964178511506603e+00;2.039563604306163214e+01;-4.939476151057453635e-01;-8.332989772821653318e+00
2.926136829821569751e+00;8.264883149280262131e+00;2.919056119321766118e+00;6.748021958893609451e+01;-4.211377078035791754e+00;-2.164321371032964691e+01
1.143220337405748133e+00;1.496646475589442637e+01;4.568556252042595744e+00;2.013399818798268370e+02;-1.016102181844141583e+01;-5.346248666946317485e+01
-3.750212862176567796e+00;-4.274508339515663558e+00;1.326102494143494237e+00;1.296300343750882789e+01;3.181927618523001655e-01;3.779652290043776786e-01
-2.857233316720793947e+00;-2.928138728957442538e+00;1.701694940783148979e+00;8.523727847396539659e+00;1.079200886290751171e+00;1.207246005932108401e+00
-6.563744262973594701e+00;6.155661241276493278e+00;2.307651467326026662e+00;4.039031943968564775e+01;-2.372363936134165741e+00;-1.471047105790050402e+01
-6.155742558799373931e+00;6.389781251762872927e+00;2.621435505957938616e+00;3.946646665359421036e+01;-2.272926935431569540e+00;-1.402599508655284488e+01
5.761833808279082092e+00;2.972073738730060199e+01;5.514161097010011225e+00;8.793060723965240868e+02;-2.565193535615128795e+01;-2.054305873980769377e+02
3.728726401227788756e-03;-1.371928612705209494e+00;1.790981202244095405e+00;3.739628193702011938e+00;2.184496424877037324e+00;1.599867891283863974e+00
1.826407606230651681e-01;1.527375620193394123e+00;1.040275978423370828e+00;3.088135317637479282e+00;2.154355285580891177e+00;-2.845194691017462585e+00
2.430431501287324547e-01;1.761561770155468221e+00;1.395300030101087607e+00;2.837019246075348278e+00;2.348714858985889720e+00;-2.086357035259551296e+00
-9.058329544541356526e+00;-9.137836689679987856e+00;3.506977321221520949e+00;9.169264693343809824e+01;-5.553879033642591168e+00;-8.285399540289903442e+00
-2.158001688930426987e+00;-4.107803663516563120e+00;2.083295877846952582e+00;1.729416321237889420e+01;-1.531674025222278246e-01;7.487712468532464749e-01
8.163854211422691964e-01;-5.929409003102345643e+00;1.372436029528385282e+00;2.466509641105373518e+01;-1.053782982270380586e+00;-9.299875249387248299e-01
-6.164637517325113336e-01;1.030578540377706798e+00;8.815105945405430354e-01;1.390205622076888803e+00;2.719213805386402782e+00;-1.859076504112043615e+00
-1.067950693089675163e+00;-1.982009896300998442e+00;1.692652780138411028e+00;5.023398527599540309e+00;1.806413464560579829e+00;1.442798796885618184e+00
-3.383539184853582960e+00;-4.037123692178271384e+00;1.638822500423427808e+00;1.370421273267385232e+01;2.583804478887872236e-01;6.461720374959711855e-01
6.863758251835082591e-01;-3.568156990848414534e-01;9.609280645283174715e-01;5.287899928583780218e-01;3.434351984967259686e+00;7.104887955985432768e-01
-3.056025300141475221e+00;-3.852525284893004720e+00;1.897912377808491646e+00;1.439485927486762229e+01;1.991414159774298476e-01;8.598866880045246130e-01
2.347765920911287996e+00;2.718100110058275565e+00;1.729539457781503975e+00;6.884263876416976125e+00;1.398532949019019256e+00;-3.838360155371622007e+00
2.122374344578147642e+01;2.303746120499022965e+01;5.373576483124168135e+00;5.022382377088453609e+02;-1.839636445860031699e+01;-1.220746959047014855e+02
-2.560321373455431981e+00;-2.814421169714549809e+00;1.534814498776220448e+00;7.205378415768698197e+00;1.295347197357684443e+00;1.131855079001895081e+00
-2.210462681211124103e+00;-2.699331442872605180e+00;1.390215695738072021e+00;6.089044374917017777e+00;1.493610833942215166e+00;1.057049558896596908e+00
1.777740950522321128e+01;2.159268615435818717e+01;4.832486656184038942e+00;4.575067727328395222e+02;-1.738454180915830705e+01;-1.126361231414863511e+02
2.140417802261339819e+00;4.795801352031073606e+00;2.556350586589496210e+00;1.911719973921141502e+01;-3.172501080202145829e-01;-7.566428563049466760e+00
2.415601305009424493e+00;3.937911260765475596e+00;1.908172857222487195e+00;1.621681155345701697e+01;-3.961866486935861076e-02;-7.405029860485421445e+00
1.555364411794649904e+00;1.702711687795356710e+01;3.992692694824380162e+00;2.949729824903442363e+02;-1.317920458572262632e+01;-7.635630633311434678e+01
1.073725225550471868e-01;-1.525950380215497226e+00;1.085671838832023894e+00;1.910408207016395465e+00;2.580010784605316410e+00;9.107541762064281787e-01
-1.276705661518748036e-01;1.517922145437061276e+00;1.329435410717136001e+00;1.991561668721750555e+00;2.649329956278764442e+00;-1.548279855406595296e+00
-7.776475477970002936e-01;-1.026292953449091705e+01;3.901735598921854731e+00;1.187184974652833915e+02;-6.868000131939403730e+00;-1.214961464417909021e+01
-1.514361381409278007e+00;-2.055701143987812785e+00;1.980998588305009189e+00;6.493027262102260444e+00;1.533734940014619408e+00;1.660336306762009606e+00
2.632499738648971910e+00;2.949387273672207321e+00;1.929150579039926816e+00;7.310217881485087332e+00;1.352715527040518229e+00;-3.746804688401228933e+00
4.246165631790447925e+00;8.562944959297608349e+00;3.095389056200767097e+00;7.007206401572240395e+01;-4.358697032996296628e+00;-2.212801232457920264e+01
1.913696273138082216e+00;-6.005413522046444186e+00;1.531962726740088154e+00;2.677017223312364180e+01;-1.246789169194402191e+00;-1.017594500852776473e+00
-4.156984139202415385e+00;6.250468391044567085e+00;2.945918137618414256e+00;3.293554853209455047e+01;-1.689901746762648038e+00;-1.160433148004325510e+01
-2.930648585378900162e+00;-3.326482086283598871e+00;2.188578738444923122e+00;1.334856918725416186e+01;3.859932822687612841e-01;1.289322438017574068e+00
8.813188554484376880e+00;1.055709286022992188e+01;3.699528785296984257e+00;1.010053943950916420e+02;-6.023565589361041361e+00;-2.958441174333671242e+01
3.270786883398866696e+00;-5.360436030762712356e+00;2.322521677550051233e+00;2.880429544251171592e+01;-1.366407032696796087e+00;-3.872868534846460320e-01
1.107819533000884649e+00;4.889423045943622093e+00;2.477211232742792202e+00;2.099206814715946479e+01;-5.438403901756361236e-01;-8.327554832685946096e+00
9.523135923175452433e+00;9.644761362877265043e+00;3.156348041412418759e+00;9.191851781406916189e+01;-5.584258717759633228e+00;-2.789535910643230920e+01
5.576366371897458762e+00;-5.866064091262823688e+00;2.483640798338656808e+00;3.506412923710283280e+01;-1.917179546215428410e+00;-1.034307755262011908e+00
-1.101565331387720370e+01;1.202681448403525089e+01;3.389394219540740494e+00;1.467686323086836353e+02;-8.118597928521683826e+00;-4.158246452364212331e+01
-2.254850418333513851e+00;-7.993203067687314700e+00;3.017285249184569640e+00;6.666276170959602609e+01;-4.154823208898223541e+00;-4.983784963567892135e+00
-9.054341804983796482e-01;7.400428506586389510e-01;6.017564233475118929e-01;1.069792242752463984e+00;2.738587239341351065e+00;-2.101015101209153801e+00
-9.395276117720037234e+00;-9.780318983272824340e+00;3.042719923033978535e+00;9.416014751309323572e+01;-5.707373143780237967e+00;-9.212191366229514955e+00
2.790440110968787080e-01;-1.366798516694010646e+00;1.142364264524475148e+00;1.798638135062432308e+00;2.651909999010750862e+00;9.659121551310489995e-01
3.093143511584089289e+00;8.262399049817815921e+00;2.896664556599639617e+00;6.785018282155049008e+01;-4.235488592954725462e+00;-2.177323260902911528e+01
-5.870402694484853079e-01;-1.970119522786599520e+00;1.182591891993934663e+00;3.107055758417683666e+00;2.191932565715576153e+00;9.921937763982762171e-01
1.221409290120463886e+01;-1.274724445247363036e+01;3.800333362124464820e+00;1.678808579418468412e+02;-8.949092995229101177e+00;-2.038486034183370066e+01
1.204409581598762657e-01;-4.059897956604329727e-01;3.796949827951430212e-01;-6.616765977077267158e-02;3.732001213614461133e+00;1.156431072098201285e-01
2.716257149481533517e-01;-3.910464737520349954e-02;5.125844297631532154e-01;1.416488813237077871e-01;3.843681838816789043e+00;2.686446014880783384e-01
-2.092133054041848794e+00;-4.201239437226474749e+00;2.038631547399054167e+00;1.756689468597543780e+01;-1.923484656621479161e-01;6.683003625898684685e-01
7.015888727929423530e-01;-7.911762566833263621e-01;1.115382386044869278e+00;1.026771387817129177e+00;3.061963962725392729e+00;9.089134964207185030e-01
2.445375722213529279e+00;4.282437895691080243e+00;2.188817949866557200e+00;1.716950018965745883e+01;-1.245085589589081110e-01;-7.368893392811793674e+00
1.851125889226114651e+00;2.411313079904910950e+00;1.525157512921403002e+00;5.971857379202793581e+00;1.547938448896172048e+00;-3.695331192383087160e+00
4.538337321053617646e-01;-8.723161214739720837e-01;7.796503110697353689e-01;4.978270341795852372e-01;3.227151558254653274e+00;5.539218192350792158e-01
-1.189875349207167421e+00;-2.641446873253978644e+00;4.104532550739315999e-01;2.102826053276950713e+00;2.265213001977385510e+00;2.262299370895873851e-01
1.152224941415221082e-01;-3.753334995012156394e-01;3.729124269727602803e-01;-6.414770872567880644e-02;3.750876651828594532e+00;1.105007083207691088e-01
2.568089491128730195e+00;2.618062583399532794e+00;1.380300223051539321e+00;8.407373771143060281e+00;1.042498995372834525e+00;-5.046301864328937015e+00
4.400734651846963108e-01;-1.140025864641577069e+00;1.660571937670965337e+00;2.828897286307466175e+00;2.445998259263385322e+00;1.484993334789166397e+00
-1.765274699112737622e+01;1.878622879752059660e+01;4.523029816649303037e+00;3.451629883195067805e+02;-1.457281825067651582e+01;-8.734932325836497569e+01
9.411951026575154700e+00;1.007973057520527504e+01;3.413465608149568453e+00;9.624802822406039127e+01;-5.796144235587952664e+00;-2.870544627285924477e+01
6.937181273349455335e-01;-8.222581429006767806e+00;2.245839789364362016e+00;5.867759654837509231e+01;-3.694521217092665566e+00;-4.674670346879276295e+00
2.448073104171342163e-01;1.364211063416357117e+00;7.534390832241696367e-01;3.481347043455757184e+00;1.961450039797407285e+00;-3.544026045037226957e+00
8.220415942864457426e-01;1.797489126342304289e+00;1.114886307901549856e+00;4.264436246129087671e+00;1.851683549864655554e+00;-3.422196487912810170e+00
-4.410710284340608189e-01;-1.821087484194047645e+00;1.335847107599105188e+00;3.270309518351077749e+00;2.188853747045608422e+00;1.145154871796589369e+00
-6.456752515832834938e+00;5.952196691577181120e+00;2.232361609511542166e+00;3.833233470518487707e+01;-2.212279581183653754e+00;-1.419084598974839651e+01
-3.645695524166630008e-01;-9.138084431478185610e-02;1.418381752273833729e-01;-2.097857051234152670e-01;3.862760443256106235e+00;-3.696268969896217005e-01
1.134218598351056073e+01;-1.282914063350210832e+01;3.936942692485913220e+00;1.729984980347040278e+02;-9.141027771696901283e+00;-2.108440726941015342e+01
2.511581771057676882e+00;-1.086629895035652638e+01;3.671296215871442836e+00;1.255896268125954265e+02;-7.192130933365053380e+00;-1.353479604954380022e+01
-2.297480669231299455e+00;-2.585909437353470341e+00;1.721674842767232816e+00;7.230333735114626847e+00;1.327265663112006333e+00;1.330857469306496288e+00
-7.087735391386658090e-01;-1.867824816646603381e+00;1.555848238334248235e+00;4.167175192216115320e+00;1.993009770888063859e+00;1.340553685627112523e+00
1.339400832405576169e+00;2.275462775323715547e+00;1.573642425128171540e+00;4.839244773924656684e+00;1.822566842285231026e+00;-3.027646571368964423e+00
2.251132261180049721e+00;2.660409756671884285e+00;1.693951536461995033e+00;6.692784183415239951e+00;1.430610131767492188e+00;-3.798722838788304301e+00
-1.764821548271477747e+00;-8.186921071789983628e+00;2.710287979721470730e+00;6.481040923624053107e+01;-4.058465417820563914e+00;-5.057763214190847734e+00
1.399656681364366828e-01;-1.404620831317237251e+00;1.479183612463109476e+00;2.812468415681631750e+00;2.386451030375953408e+00;1.301769052455891362e+00
-1.762573576152239241e+01;1.883620832342428741e+01;4.570112133459018899e+00;3.453314437160393027e+02;-1.457609568996067750e+01;-8.733024927301221396e+01
-5.910065231948050446e+00;6.444740365349374223e+00;2.742194762873059410e+00;3.857819916621029677e+01;-2.190646606569496058e+00;-1.360137392927570232e+01
6.458088384771129675e+00;-1.191066639683909401e+01;3.113499316709785969e+00;1.346355294890027210e+02;-7.615947997818487636e+00;-1.566481997880678634e+01
-8.595486436621595061e+00;2.387161301200405461e+01;4.836206644886390293e+00;5.724422704061870490e+02;-1.992692163717168796e+01;-1.384817460686102777e+02
4.186751152199566839e+00;-5.028959808048179880e+00;2.777012950204426289e+00;3.033410395226558265e+01;-1.467668201258659266e+00;-7.270251734188165615e-02
-2.322807672996001771e-01;9.808028925806970832e-01;1.124155151309137457e+00;7.643715078336479340e-01;3.316782601118368312e+00;-4.789891080094823006e-01
2.334427250493019912e+00;-1.454007253222356155e+01;3.114976831023374970e+00;1.932505542112264152e+02;-9.923613511996567382e+00;-2.546624815452110369e+01
-4.732211319342534139e+00;6.757062857668791445e+00;2.222616612394048285e+00;5.168944236121845393e+01;-3.221783952460065770e+00;-1.811733773845328699e+01
1.946020992447677456e+00;1.705825129136950480e+01;4.041432823409794040e+00;2.943366253279273224e+02;-1.315918287421558475e+01;-7.614762583921636008e+01
2.864331347754155654e+00;2.869414559368208995e+00;1.541424247999391817e+00;9.297355116597273650e+00;9.158288452137957059e-01;-5.201350092607253117e+00
-1.227047668493216825e+01;1.286762626088178685e+01;3.843840865384769767e+00;1.582801842217133128e+02;-8.569074445077863089e+00;-4.386684911045581003e+01
-4.697389385372195969e-01;1.176490743269141603e+00;9.919477555631791565e-01;1.638390857718063032e+00;2.656258265552235542e+00;-1.872121095405723912e+00
6.114248892052916773e+00;-6.599015404016417286e+00;2.807574807261027594e+00;4.642762273807883133e+01;-2.799084746877190000e+00;-2.246356589305649187e+00
1.000065660641798138e+00;-2.363154952092183514e-01;1.301550800679804221e+00;9.554973637138888254e-01;3.299244879701482613e+00;1.066983197662898730e+00
6.475100753074639393e+00;-1.166363898511490049e+01;3.336731459987315684e+00;1.343801799509959096e+02;-7.595198176801851275e+00;-1.536296678337298971e+01
-5.140494168494463834e-01;4.088211957337768432e-01;6.187298978574600206e-01;1.589149095085783392e-01;3.509680587523567930e+00;-6.199002544693340555e-01
-8.538192670486168367e+00;1.159522766325864396e+01;3.244719795954484010e+00;1.386551555390048804e+02;-7.783170116405505823e+00;-3.973973216798271579e+01
7.259242890112281188e+00;1.036608639789323760e+01;3.338295722399330145e+00;1.047019957094257734e+02;-6.225528742003312743e+00;-3.099725869682055901e+01
2.044019527740854603e+00;-5.485044434703736371e+00;1.973758774202075017e+00;2.655383034855045921e+01;-1.182330048778775122e+00;-4.916932840412701622e-01
9.006159237617228364e-02;-1.557179745514653657e+00;9.241841995442103830e-01;1.536891103600771080e+00;2.671319916137482320e+00;7.471022691598002696e-01
-2.892100902921022954e+00;5.580527998904254439e+00;2.551781316767813834e+00;2.875107204176887876e+01;-1.339477662192958718e+00;-1.080043166649318032e+01
-3.195857588472547306e+00;-3.679943225907422288e+00;1.895238583985755954e+00;1.338930815749519709e+01;3.383595321793331223e-01;9.618155266175214546e-01
8.234674614716828600e+00;-1.974620354671549549e+01;4.737821399193124172e+00;4.006923472940392230e+02;-1.601069357288423589e+01;-5.981038785452111739e+01
7.961013200279731805e-01;-1.262911134318025486e-01;1.063760088109682922e+00;6.038680256161785831e-01;3.509970132244495833e+00;8.057427678207105259e-01
2.776825832444665743e+00;2.781634097842163200e+00;1.373046408020553555e+00;9.802473266279150721e+00;8.035506367749110090e-01;-5.654722334940429640e+00
-6.378398143304274681e-01;-1.998989386463690732e+00;1.183520264547062606e+00;3.179008079270378762e+00;2.170193684931283951e+00;9.909850135406707006e-01
3.202191891236778887e-03;-9.136768582805324113e-02;1.734555826993307293e-01;-4.181790737974419581e-02;3.952688590975568239e+00;2.807458336035226210e-03
-3.147963565398880892e+00;5.588049937105583176e+00;2.524148680327259253e+00;2.919456970263318141e+01;-1.384313643238689551e+00;-1.097874403112505171e+01
-4.102347569198416810e-01;3.243915041168995983e-01;5.606491628785378323e-01;8.855962749192210215e-02;3.619029926384176754e+00;-4.665762825129163849e-01
-2.327553183676158155e-01;8.208133329381485765e+00;3.227962732496476583e+00;6.076927136382839478e+01;-3.767127220191408554e+00;-1.939177416192899273e+01
-6.211008275258411260e+00;6.600737041527565019e+00;2.689292981338749389e+00;4.176996850544851725e+01;-2.451405839288810284e+00;-1.462620209769200841e+01
2.509674935014460484e+00;2.693708154562879642e+01;5.321264664082946183e+00;7.179514444785542082e+02;-2.279190679530348262e+01;-1.702079859906239392e+02
-3.165157166438145708e+00;-3.707748854229643509e+00;1.904085618538968072e+00;1.360431744311734015e+01;3.092880918217506547e-01;9.494040842931085189e-01
1.846111144723685982e+00;2.251793609831429066e+00;1.283324725724416915e+00;6.296269245182273266e+00;1.427688335372585993e+00;-4.216187179419049968e+00
7.501070433268278492e+00;-1.189580796371465610e+01;3.237782269449232864e+00;1.369724383834848993e+02;-7.711398214258657902e+00;-1.590438116178551908e+01
3.265686626901442846e-02;1.440615408227138960e+00;9.932235567663081355e-01;2.835400513816497714e+00;2.217508243461440820e+00;-2.759823477275562986e+00
-8.048855037254907252e-01;1.122996102803007767e-01;3.231871253149536938e-01;-1.375282881540906554e-01;3.513118748629674215e+00;-9.088735630475375249e-01
2.641620375116765507e-01;-6.740684418550230150e-01;5.324538751183783836e-01;7.524698149076158860e-02;3.500342346927816983e+00;2.753153102346221903e-01
-3.199355071024275965e+00;-3.337388492171110332e+00;1.172094692625580858e+00;7.487258402885488273e+00;1.172140793985328777e+00;7.189723820498469253e-01
3.448900980992941179e+00;3.452594431923669216e+00;2.118490620900961741e+00;9.924768976283955269e+00;9.072843302127617804e-01;-4.645814950480312788e+00
-3.440915470582008862e+00;-3.714278564773135116e+00;1.703805905819254951e+00;1.233559789605539336e+01;4.626894520202524674e-01;8.578293486166036486e-01
-6.724645120060508408e-01;9.444489008897298810e-01;8.709562748609021021e-01;1.106942630775113345e+00;2.857743252362901387e+00;-1.601014689888963227e+00
1.166878556046931248e+00;-4.527101751616023684e+00;2.561942340639348448e+00;2.416705159919546730e+01;-8.799770771641295397e-01;4.700171479827636167e-01
1.179909486801927443e+01;-1.344116570889183571e+01;2.949401002590468668e+00;1.634990531348272782e+02;-8.811281637908466635e+00;-2.064438987423703153e+01
-5.904836087651373688e+00;6.127224919070894948e+00;2.513702570573531858e+00;3.700365792422062583e+01;-2.079106828619589287e+00;-1.342209670492214890e+01
-4.628732092680708510e-01;7.400375877233892341e-01;8.863522800455269079e-01;5.209036285367291130e-01;3.324312661772853339e+00;-7.026477645390016846e-01
-5.722591666263029175e+00;7.126680680659854161e+00;3.174140289057450381e+00;4.290729010266907295e+01;-2.502550243189074486e+00;-1.433505173875795435e+01
-5.831455596225348259e+00;7.004195356753323054e+00;3.068929686678156799e+00;4.252724843966556989e+01;-2.481057856509352177e+00;-1.435874254414970075e+01
7.431323285551822977e+00;1.044063960264430158e+01;3.423689417527660872e+00;1.045267597789597005e+02;-6.212678321468048992e+00;-3.084447673984848493e+01
-3.310820837476728951e+00;-3.363399488850758345e+00;1.307502562219815756e+00;8.306988032155667057e+00;1.047408578906790844e+00;7.982241333530164518e-01
-8.877093979589210093e-01;4.137188294540879441e-01;5.288200216924785479e-01;2.273158707460935513e-01;3.247815461830021011e+00;-1.203806562778267031e+00
-4.488072426020563555e+00;-1.079521122412237233e+01;3.037305683709233151e+00;1.117178412174438051e+02;-6.579848935863980230e+00;-1.202215405353485167e+01
1.030124375544441806e+00;-5.976073448628751450e-01;2.042766001287363409e+00;2.917015267571510417e+00;2.559736457994846059e+00;1.868047925061586456e+00
-8.355873152134991599e+00;-8.918855938809508999e+00;3.163492308567763978e+00;8.242760338245957996e+01;-5.070603916225406849e+00;-7.232819187367431901e+00
6.336701740362430613e+00;-6.533000165349348798e+00;2.650791361014233516e+00;4.380243325961041734e+01;-2.612343736417677142e+00;-2.052930630222411512e+00
-6.489527010821761754e-01;8.373671381785811052e-01;8.715432717650358763e-01;7.726047042897812300e-01;3.069607660254971115e+00;-1.196543522482721889e+00
1.058640466625691556e-01;-1.523049631861453035e+00;7.403409980257942280e-01;1.042711442363060792e+00;2.821977034059273137e+00;5.554486783632432978e-01
-9.249642361580868055e+00;-9.985633176298762237e+00;2.961691575486823158e+00;9.615353523430380278e+01;-5.814512514443062940e+00;-9.621539326644537482e+00
9.112817508982043790e+00;9.618108946321171970e+00;2.992151580682065326e+00;9.489661010462083368e+01;-5.748162042173550645e+00;-2.888354777812057250e+01
1.111528092841384918e+01;-1.229191094006567297e+01;3.368500997961161314e+00;1.480281987415675076e+02;-8.171626165636089567e+00;-1.757835531199291523e+01
-3.389115519453261838e-01;1.062016600596426663e+01;2.943133615309901696e+00;1.204633726854427351e+02;-6.992530994925793664e+00;-3.553204351876816958e+01
2.794657530171232640e+00;2.875654386127944218e+00;1.675136332835281516e+00;8.409162812720499147e+00;1.095107398116798691e+00;-4.621811023333608937e+00
9.112764249841131203e+00;9.113567481525347347e+00;2.747847046319819242e+00;8.874827814910234736e+01;-5.437824716762854393e+00;-2.757658902886833374e+01
3.170952059140207391e-01;-8.925533849885570747e-01;6.131379903353143535e-01;2.514195937186584073e-01;3.319333671731417912e+00;3.761179414608806226e-01
-3.884269222708208957e+00;-1.058901905075673788e+01;3.287645836595755711e+00;1.127735578509591789e+02;-6.618119305966990495e+00;-1.190167195797254074e+01
-3.794518758739056641e-01;2.061092517310751382e-01;4.538801012180750383e-01;-3.667650464480462502e-03;3.700556968975013294e+00;-4.107100360847847353e-01
9.246554027777241558e+00;2.290884916508793268e+01;4.579298002839488291e+00;5.352262535630960656e+02;-1.913995151050479038e+01;-1.304625250376242604e+02
-3.161085503530984275e-01;1.028092484068724666e+00;1.127613675460312104e+00;8.612640389599988122e-01;3.211605210013644296e+00;-6.730103648795120463e-01
3.601365733317635764e-01;-1.286791383322707150e+00;1.202530957912487208e+00;1.827617526531174041e+00;2.665767487515859901e+00;1.025638362171624740e+00
-2.504911486336903081e+00;-2.974820577019912982e+00;1.134121698273601542e+00;5.902431688300738166e+00;1.478865731993916910e+00;7.962243595293397869e-01
3.689585115536067494e+00;-5.109979742232828137e+00;2.608002620322837917e+00;2.939364953364122357e+01;-1.395220884400689698e+00;-1.412196517261207207e-01
-2.038627145722233802e+00;-3.883075357487884460e+00;2.274693287988344803e+00;1.727060865404632040e+01;-1.264115696222063434e-01;9.642932933741279466e-01
3.152497408532141776e+00;3.270294156168080058e+00;1.710279275117865927e+00;1.146154346509966082e+01;5.946171837550253692e-01;-5.859797901357180372e+00
-2.491867118732248088e+00;-8.386385180893702440e+00;2.598216960097392558e+00;6.588878743242473490e+01;-4.132796337996074598e+00;-5.349267759966026325e+00
-4.012614954309830506e-01;-2.808709364118246454e-01;-9.566224381004664878e-02;-3.374908216924724647e-01;3.939750059373904101e+00;-4.020968287331060931e-01
-7.932598890022447335e+00;-8.864288638121131214e+00;3.094666381305489988e+00;8.046859539870405342e+01;-4.964823507959627236e+00;-7.008253727974988578e+00
-5.951794683430510879e+00;6.231074871700630347e+00;2.578415855134481571e+00;3.765741621178909071e+01;-2.128173890356308107e+00;-1.353617595510094063e+01
1.805376999580256836e+01;-1.865027115581016659e+01;4.276373198440206913e+00;3.463847708619467767e+02;-1.461243160923687867e+01;-5.070993001904042075e+01
4.848562905055024963e+00;1.029932950903546285e+01;3.044569471200328614e+00;1.099341976174076905e+02;-6.494241747545045129e+00;-3.271497595723808161e+01
1.617082330790169165e+00;2.296640034613399717e+00;1.470246694266468479e+00;5.520715226274491627e+00;1.636112881191274404e+00;-3.548726665098015154e+00
-3.051361318058816163e-01;-3.897846728957400364e-01;-1.416666758111505553e-01;-3.456484747357155274e-01;3.957656752452817450e+00;-3.054567679239433287e-01
-1.591303870912887941e-01;-1.423824331791384523e+01;3.663871040768621246e+00;1.998877544456994428e+02;-1.014158453732427390e+01;-2.595195688852309601e+01
7.514658897704306062e-01;4.565943985712880959e+00;2.149001817289957206e+00;2.071860341791840554e+01;-5.500196829405066268e-01;-8.674631203197337825e+00
-6.213737098872618603e+00;6.571920387357570448e+00;2.425664474148463867e+00;4.529673162858085789e+01;-2.742980957941750120e+00;-1.600759996835893517e+01
4.055187675642633049e-01;-1.232952967068584149e+00;1.346702705766970709e+00;2.117544298082757681e+00;2.602502367550530771e+00;1.171442371289980411e+00
-1.213610087187932285e+00;-1.911051019184546895e+00;1.973061587183821297e+00;5.966356704856057291e+00;1.649139125800663574e+00;1.685361359245872270e+00
-9.783670670801947189e-01;4.882637663742923628e+00;2.190159861592035462e+00;2.406171767958535668e+01;-9.078430117056610626e-01;-9.750432965178015721e+00
1.613934402858957506e+00;7.827211763660252508e+00;2.583244321296772839e+00;6.515326856603573447e+01;-4.087888823801748117e+00;-2.143135500917868796e+01
-9.603921850058423637e-02;-1.646550399727580993e+00;1.224466390163125862e+00;2.531851392874319373e+00;2.395623181889255715e+00;1.047398241595676405e+00
-7.770021587849577083e-01;8.663331823725874958e-01;6.671622455022088172e-01;1.372142766012291348e+00;2.630626901934673523e+00;-2.247449550099071658e+00
-1.125238907253924481e+01;-1.698393594485651548e+01;3.652064292660406331e+00;2.740103195537080865e+02;-1.256587986300631954e+01;-3.873785134595553359e+01
5.439859561252706754e+00;1.056197401722847218e+01;3.336146866079452877e+00;1.095140329473821907e+02;-6.460023038635689829e+00;-3.224048845380079342e+01
-1.121826567004302078e+01;2.424262844074152312e+01;5.091417592581743534e+00;5.788726485407017890e+02;-2.005589140958075234e+01;-1.396063366803281838e+02
-3.877251251745714278e+00;5.707084615175547881e+00;2.525802410862703962e+00;3.079475974727753496e+01;-1.533654252340141078e+00;-1.148448976639316044e+01
2.849985155756926236e+00;2.993932994167154860e+00;1.852696034683511295e+00;8.129785906142778629e+00;1.179255957246550857e+00;-4.238874482285557299e+00
2.674278478819458460e-03;-1.388029642511178219e+00;1.754076415451808257e+00;3.653529669867772167e+00;2.199661044024391998e+00;1.564404198159369264e+00
1.225632341778356249e+01;-1.233377011169704929e+01;3.576805191406398521e+00;1.535825994064634870e+02;-8.390553499293989859e+00;-1.825782631688237956e+01
8.092404754074188356e-01;1.952230739571738871e+00;1.353586662539820740e+00;4.012213903823038663e+00;1.980137123207721839e+00;-2.903464222221532776e+00
-6.914751650849731979e-01;9.228039313888551920e-01;8.529531555536999932e-01;1.076542541398888053e+00;2.864595711369498865e+00;-1.605833225600253433e+00
-6.072387129583202148e-01;1.038994707519574012e+00;8.962245099331090925e-01;1.381100342923764046e+00;2.730515994055633389e+00;-1.822291232638870495e+00
-2.679272830255593707e+00;7.443968233882390706e+00;2.685959982308390614e+00;5.613611229174868811e+01;-3.495866212118860616e+00;-1.878536624435236035e+01
-4.244707968334636483e+00;-1.408984842154060502e+01;4.175158482624095058e+00;2.095245911935529932e+02;-1.046210010710707650e+01;-2.699611610892375424e+01
6.341781347256548074e+00;-6.221839747677302412e+00;3.285218047349407922e+00;4.804318181449153968e+01;-2.883428848588495796e+00;-1.931300593216379369e+00
2.672484307013801352e+00;-5.301070296154149375e+00;2.247322900687140468e+00;2.757854169454384063e+01;-1.255832866814149185e+00;-3.141603873026182492e-01
4.125252462890700578e+00;-5.564926975382028296e+00;2.344533934346684667e+00;3.082368711272525275e+01;-1.552983899541389157e+00;-6.260852140124290033e-01
6.037965250562847830e-01;2.003723400529811016e+00;1.551091538203548392e+00;3.420051335419354022e+00;2.209136748183781140e+00;-2.219441340443779165e+00
8.535176502601547810e+00;9.332046680911213699e+00;3.331365331145347497e+00;8.134594682149793243e+01;-5.000817616005340582e+00;-2.487253210241788182e+01
4.111731121743889439e+00;9.929033144548020218e+00;2.642790043092436481e+00;1.103093225666718382e+02;-6.531464968892819911e+00;-3.331624767144094790e+01
6.150117144774059241e+00;-6.660711188970207530e+00;2.329449207112163744e+00;4.139730980225547796e+01;-2.450397182264167917e+00;-2.081441586234175745e+00
-6.293330488984807403e+00;6.558678522754691542e+00;2.602093332842292828e+00;4.239971202744484202e+01;-2.507581335669967437e+00;-1.492620711665726674e+01
-3.096753279205730625e+00;-3.151101028348581412e+00;1.994435700012939350e+00;1.121198978496191323e+01;6.772927376909314567e-01;1.286236786069270055e+00
-4.755255977472441664e+00;-8.543195171560556744e+00;2.799185669367281193e+00;7.108789689376186516e+01;-4.437622282538148610e+00;-5.906644563041115070e+00
-5.502499833003368757e+00;7.125830578828559858e+00;2.892888681250402438e+00;4.720135057290671199e+01;-2.850237790357000200e+00;-1.595979655877247083e+01
-2.880208155559881522e+00;-4.097899825812953978e+00;1.837884561381452064e+00;1.544268192640664594e+01;5.133933051535155556e-02;6.810372966093524161e-01
1.682721472297167287e+00;2.050394778197645707e+00;1.060296394923197827e+00;6.225929241909119227e+00;1.396304569641443116e+00;-4.512842061333474319e+00
9.209162789054374798e+00;9.288156977055065155e+00;3.042506130640997952e+00;8.637800175615717535e+01;-5.294307521294790320e+00;-2.657728852561389843e+01
2.759171612330740153e+00;3.536910837113373951e+00;1.691161447694099262e+00;1.413352429687759937e+01;2.065802788341377649e-01;-6.927935241404368227e+00
4.670820432871712335e-01;-6.812110439526134487e-01;7.530207254983857235e-01;3.603125952150474931e-01;3.363547784036803101e+00;5.106791033328877960e-01
1.215178176314175751e+01;-1.220350856095986103e+01;3.646951042195071047e+00;1.523587276414411065e+02;-8.337921802316797582e+00;-1.797252783634309736e+01
2.373733102157277175e-02;-2.387410185238417171e+01;4.556983736018488607e+00;5.555110442239298436e+02;-1.957561309865885946e+01;-8.788478225059748183e+01
6.971340132549577184e-01;5.054960435653064188e+00;2.561656543086364923e+00;2.202410826928084830e+01;-6.495961048790981351e-01;-8.567980561806507467e+00
2.846155349282295077e+00;4.242910253997133729e+00;2.240396519498715655e+00;1.626638137063664402e+01;-3.351412096638028970e-03;-6.969157075943371638e+00
2.913297776813614348e+00;8.346690256506294148e+00;3.011946678370374997e+00;6.735512115532125677e+01;-4.197949785417865343e+00;-2.149048545117599929e+01
3.428041087701765299e+00;3.429525836826234020e+00;2.082547319360268823e+00;9.995252503590531745e+00;8.893053286980689975e-01;-4.727147773390873553e+00
1.387943812683573874e+01;1.606161161382361158e+01;3.858089224055623934e+00;2.633224519652102344e+02;-1.223247724776319600e+01;-6.910200640153274776e+01
-1.764026570666675120e+00;4.855980261949075505e+00;2.066303569286302988e+00;2.515537073293292991e+01;-1.033143552876287785e+00;-1.027681364857552637e+01
-2.459902806286003774e+00;-4.174011815051595242e+00;1.941190186834942599e+00;1.666490260381484489e+01;-9.226680614992588403e-02;6.611922747049534532e-01
8.710167742389497647e+00;9.374178745222293330e+00;2.708788998867605269e+00;9.552311127965609217e+01;-5.795102610215435490e+00;-2.940483350413842345e+01
1.717842239915028912e+01;-1.819762690623324275e+01;4.539101598332661247e+00;3.403623761347107006e+02;-1.444228082995666895e+01;-4.933660968851734907e+01
-8.891358093855208367e+00;-9.422258585674095244e+00;2.672384656953512128e+00;8.212615362139260355e+01;-5.081148793702491062e+00;-7.753413680941955377e+00
9.588472372602419469e+00;9.654707972548234096e+00;3.399789591054827476e+00;8.693964557748707023e+01;-5.305392529861393314e+00;-2.627414311413459913e+01
9.728394952292231945e-01;1.032976107366960150e+01;2.767785607509881896e+00;1.173465183306215636e+02;-6.856966604993566250e+00;-3.495891690870663382e+01
-6.423623446981280516e+00;6.068035276410635781e+00;2.319806113259049951e+00;3.885508383311764646e+01;-2.247786404930772086e+00;-1.423450452577846548e+01
-1.038586341738153962e+01;1.212144554998915780e+01;3.545114303368452902e+00;1.452103231988101584e+02;-8.047245457199782237e+00;-4.100026998561456537e+01
1.670691226328396439e+01;2.320063996695386166e+01;5.206310960299249224e+00;5.187105708484367597e+02;-1.876566708817597728e+01;-1.259858138033298616e+02
-4.221744837456087307e-01;7.277109992511037184e-01;8.886209179037648509e-01;4.966364209622267101e-01;3.362430302351415268e+00;-6.287274199180070688e-01
-1.536219429839997153e+00;-2.197675692607070186e+00;1.721219398520164923e+00;5.830073954015777105e+00;1.622892138514294924e+00;1.426411673336911212e+00
2.318473273172902971e+00;4.628205428205587779e+00;2.447507516023159635e+00;1.836406622040783176e+01;-2.397674783604184512e-01;-7.446455182627781610e+00
-1.062855789449476562e+00;-2.321504006229466199e+01;5.137475354151120222e+00;5.527453852643427581e+02;-1.950438346066479411e+01;-8.669748151415960535e+01
-1.610311670804179807e+00;-2.309585114420169560e+00;1.572759608926698860e+00;5.560223457110483380e+00;1.650472219554500963e+00;1.285414288253797999e+00
-6.146327224620421248e+00;-8.279830401030430664e+00;3.381091058069151778e+00;7.628876530582999749e+01;-4.709701173591922085e+00;-6.032206960500290371e+00
-3.189915349782111775e+00;7.680391522730686482e+00;3.036699005607827129e+00;5.443323124493762322e+01;-3.355861705300577036e+00;-1.785307217337196661e+01
