<TICKER>;<PER>;<DATE>;<TIME>;<CLOSE>;;;;;;;129;8;;;;;;;;39;20065,54785
MOEX,MDMG:TQBR;60;20201210;110000;456,05;;;;;;;151,1931191;;;;;;;;;;
MOEX,MDMG:TQBR;60;20201210;120000;455,25;;;;;;;0,172039688;;;;;;;;;;
MOEX,MDMG:TQBR;60;20201210;130000;455;;;;;;;;;;;;;;;;;
MOEX,MDMG:TQBR;60;20201210;140000;452,7;;;;;;;;;;;;;;;;;
MOEX,MDMG:TQBR;60;20201210;150000;453,4;;;;;;;;;;;;;;;;;
MOEX,MDMG:TQBR;60;20201210;160000;453,65;;;;;;;;;;;;;;;;39;
MOEX,MDMG:TQBR;60;20201210;170000;455;;;;;;;;;;;;;;;;;
MOEX,MDMG:TQBR;60;20201210;180000;454,45;;;;;;;0;129;;0,58974359;37,09677419;30;70;;;39;17723,55
MOEX,MDMG:TQBR;60;20201210;190000;455,05;;;;;;454,3125;0;129;;0,935483871;48,33333333;30;70;;;39;17746,95
MOEX,MDMG:TQBR;60;20201211;110000;455,5;;;;;;454,34375;0;129;;1,175438596;54,03225806;30;70;;;39;17764,5
MOEX,MDMG:TQBR;60;20201211;120000;455,05;;;;;;454,35;0;129;;3,35;77,01149425;30;70;;;39;17746,95
MOEX,MDMG:TQBR;60;20201211;130000;455,4;;;;;;454,6875;0;129;;3;75;30;70;;;39;17760,6
MOEX,MDMG:TQBR;60;20201211;140000;454,45;;;;;;454,81875;0,283859611;0;;1,41025641;58,5106383;30;70;;17723,55;0;17723,55
MOEX,MDMG:TQBR;60;20201211;150000;455;;;;;;454,9875;0;129,1561228;;1;50;30;70;;17723,55;0;17723,55
MOEX,MDMG:TQBR;60;20201211;160000;451,9;;;;;;454,6;0,285806866;0;;0,433333333;30,23255814;30;70;;17723,55;0;17723,55
MOEX,MDMG:TQBR;60;20201211;170000;451,3;;;;;;454,20625;0,285806866;0;;0,264705882;20,93023256;30;70;;17723,55;0;17723,55
MOEX,MDMG:TQBR;60;20201211;180000;455,7;;;;;;454,2875;0;130,2421889;;1,039215686;50,96153846;30;70;;0,00;38,89302172;17723,55
MOEX,MDMG:TQBR;60;20201211;190000;455,6;;;;;;454,3;0;130,2421889;;1,115789474;52,73631841;30;70;;0,00;38,89302172;17719,6607
MOEX,MDMG:TQBR;60;20201214;110000;451,95;;;;;;453,9125;0,288178314;0;;0,589285714;37,07865169;30;70;;0,00;38,89302172;17577,70117
MOEX,MDMG:TQBR;60;20201214;120000;451,7;;;;;;453,45;0,288178314;0;;0,642857143;39,13043478;30;70;;0,00;38,89302172;17567,97791
MOEX,MDMG:TQBR;60;20201214;130000;453;;;;;;453,26875;0,288178314;0;;0,74025974;42,53731343;30;70;;0,00;38,89302172;17618,53884
MOEX,MDMG:TQBR;60;20201214;140000;456,4;;;;;;453,44375;0;131,5245824;;1,97826087;66,42335766;30;70;;0,00;38,89302172;17750,77512
MOEX,MDMG:TQBR;60;20201214;150000;454,85;;;;;;453,8125;0;131,5245824;;1,63963964;62,11604096;30;70;;0,00;38,89302172;17690,49093
MOEX,MDMG:TQBR;60;20201214;160000;457,4;;;;;;454,575;0;131,5245824;;1,306306306;56,640625;30;70;;0,00;38,89302172;17789,66814
MOEX,MDMG:TQBR;60;20201214;170000;458,75;;;;;;454,95625;0;131,5245824;;1,577981651;61,20996441;30;70;;0,00;38,89302172;17842,17372
MOEX,MDMG:TQBR;60;20201214;180000;461;;;;;;455,63125;0;131,5245824;;6,027777778;85,77075099;30;70;;0,00;38,89302172;17929,68302
MOEX,MDMG:TQBR;60;20201214;190000;457,9;;;;;;456,375;0;131,5245824;;2,333333333;70;30;70;;0,00;38,89302172;17809,11465
MOEX,MDMG:TQBR;60;20201215;110000;460,2;;;;;;457,4375;0;131,5245824;;2,548387097;71,81818182;30;70;;0,00;38,89302172;17898,5686
MOEX,MDMG:TQBR;60;20201215;120000;461,5;;;;;;458,5;0;131,5245824;;2,096774194;67,70833333;30;70;;17949,13;0;17949,12953
MOEX,MDMG:TQBR;60;20201215;130000;462,75;;;;;;459,29375;0;131,5245824;;3,548387097;78,0141844;30;70;;17949,13;0;17949,12953
MOEX,MDMG:TQBR;60;20201215;140000;464,55;;;;;;460,50625;0;131,5245824;;3,306451613;76,77902622;30;70;;17949,13;0;17949,12953
MOEX,MDMG:TQBR;60;20201215;150000;464,7;;;;;;461,41875;0;131,5245824;;2,919354839;74,48559671;30;70;;17949,13;0;17949,12953
MOEX,MDMG:TQBR;60;20201215;160000;466,75;;;;;;462,41875;0;131,5245824;;2,85483871;74,05857741;30;70;;17949,13;0;17949,12953
MOEX,MDMG:TQBR;60;20201215;170000;464,9;;;;;;462,90625;0;131,5245824;;4,783783784;82,71028037;30;70;;17949,13;0;17949,12953
MOEX,MDMG:TQBR;60;20201215;180000;465,95;;;;;;463,9125;0;131,5245824;;4,108108108;80,42328042;30;70;;17949,13;0;17949,12953
MOEX,MDMG:TQBR;60;20201215;190000;466,95;;;;;;464,75625;0;131,5245824;;3,945945946;79,78142077;30;70;;17949,13;0;17949,12953
MOEX,MDMG:TQBR;60;20201216;110000;466,45;;;;;;465,375;0;131,5245824;;2,574468085;72,02380952;30;70;;17949,13;0;17949,12953
MOEX,MDMG:TQBR;60;20201216;120000;466,15;;;;;;465,8;0;131,5245824;;1,603773585;61,5942029;30;70;;17949,13;0;17949,12953
MOEX,MDMG:TQBR;60;20201216;130000;466,15;;;;;;466;0;131,5245824;;1,547169811;60,74074074;30;70;;17949,13;0;17949,12953
MOEX,MDMG:TQBR;60;20201216;140000;466,2;;;;;;466,1875;0;131,5245824;;0,79245283;44,21052632;30;70;;17949,13;0;17949,12953
MOEX,MDMG:TQBR;60;20201216;150000;457;;;;;;464,96875;0,287799961;0;;0,21;17,3553719;30;70;;17949,13;0;17949,12953
MOEX,MDMG:TQBR;60;20201216;160000;458,1;;;;;;464,11875;0,287799961;0;;0,215;17,69547325;30;70;;17949,13;0;17949,12953
MOEX,MDMG:TQBR;60;20201216;170000;458,1;;;;;;463,1375;0,287799961;0;;0,115;10,31390135;30;70;;17949,13;0;17949,12953
MOEX,MDMG:TQBR;60;20201216;180000;457,8;;;;;;461,99375;0,287799961;0;;0,117346939;10,50228311;30;70;;17949,13;0;17949,12953
MOEX,MDMG:TQBR;60;20201216;190000;456;;;;;;460,6875;0,287799961;0;;0,101769912;9,236947791;30;70;;17949,13;0;17949,12953
MOEX,MDMG:TQBR;60;20201217;110000;457,95;;;;;;459,6625;0,287799961;0;;0,274336283;21,52777778;30;70;;17949,13;0;17949,12953
MOEX,MDMG:TQBR;60;20201217;120000;452;;;;;;457,89375;0,287799961;0;;0,176811594;15,02463054;30;70;;17949,13;0;17949,12953
MOEX,MDMG:TQBR;60;20201217;130000;448,45;;;;;;455,675;0,287799961;0;;0,262931034;20,81911263;30;70;;17949,13;0;17949,12953
MOEX,MDMG:TQBR;60;20201217;140000;448,9;;;;;;454,6625;0,287799961;0;;0,206896552;17,14285714;30;70;;17949,13;0;17949,12953
MOEX,MDMG:TQBR;60;20201217;150000;447;;;;;;453,275;0,287799961;0;;0,177777778;15,09433962;30;70;;17949,13;0;17949,12953
MOEX,MDMG:TQBR;60;20201217;160000;449;;;;;;452,1375;0,287799961;0;;0,333333333;25;30;70;;17949,13;0;17949,12953
MOEX,MDMG:TQBR;60;20201217;170000;449,1;;;;;;451,05;0,287799961;0;;0,394736842;28,30188679;30;70;;17949,13;0;17949,12953
MOEX,MDMG:TQBR;60;20201217;180000;453;;;;;;450,675;0;130,3733825;;0,565789474;36,13445378;30;70;;0,00;39,62280249;17949,12953
MOEX,MDMG:TQBR;60;20201217;190000;450,25;;;;;;449,7125;0;130,3733825;;0,786585366;44,02730375;30;70;;0,00;39,62280249;17840,16682
MOEX,MDMG:TQBR;60;20201218;110000;449,85;;;;;;449,44375;0;130,3733825;;1,277227723;56,08695652;30;70;;0,00;39,62280249;17824,3177
MOEX,MDMG:TQBR;60;20201218;120000;450,55;;;;;;449,70625;0;130,3733825;;1,326732673;57,0212766;30;70;;0,00;39,62280249;17852,05366
MOEX,MDMG:TQBR;60;20201218;130000;450,5;;;;;;449,90625;0;130,3733825;;2,09375;67,67676768;30;70;;0,00;39,62280249;17850,07252
MOEX,MDMG:TQBR;60;20201218;140000;450,15;;;;;;450,3;0,289622087;0;;1,323943662;56,96969697;30;70;;0,00;39,62280249;17836,20454
MOEX,MDMG:TQBR;60;20201218;150000;450,4;;;;;;450,475;0,289622087;0;;1,366197183;57,73809524;30;70;;0,00;39,62280249;17846,11024
MOEX,MDMG:TQBR;60;20201218;160000;450,95;;;;;;450,70625;0;130,6050802;;0,422535211;29,7029703;30;70;;0,00;39,62280249;17867,90278
MOEX,MDMG:TQBR;60;20201218;170000;451;;;;;;450,45625;0;130,6050802;;1,9375;65,95744681;30;70;;0,00;39,62280249;17869,88392
MOEX,MDMG:TQBR;60;20201218;180000;451,7;;;;;;450,6375;0;130,6050802;;5,625;84,90566038;30;70;;0,00;39,62280249;17897,61988
MOEX,MDMG:TQBR;60;20201218;190000;451,65;;;;;;450,8625;0;130,6050802;;3,444444444;77,5;30;70;;0,00;39,62280249;17895,63874
MOEX,MDMG:TQBR;60;20201221;110000;450,95;;;;;;450,9125;0;130,6050802;;1,409090909;58,49056604;30;70;;17867,90;0;17867,90278
MOEX,MDMG:TQBR;60;20201221;120000;450,5;;;;;;450,9125;0,289911388;0;;1,291666667;56,36363636;30;70;;17867,90;0;17867,90278
MOEX,MDMG:TQBR;60;20201221;130000;450,5;;;;;;450,95625;0,289911388;0;;1,083333333;52;30;70;;17867,90;0;17867,90278
MOEX,MDMG:TQBR;60;20201221;140000;451,5;;;;;;451,09375;0;130,8949916;;1,458333333;59,3220339;30;70;;17867,90;0;17867,90278
MOEX,MDMG:TQBR;60;20201221;150000;451;;;;;;451,1;0,290232797;0;;1;50;30;70;;17867,90;0;17867,90278
MOEX,MDMG:TQBR;60;20201221;160000;451,45;;;;;;451,15625;0;131,0255963;;0,852941176;46,03174603;30;70;;17867,90;0;17867,90278
MOEX,MDMG:TQBR;60;20201221;170000;449;;;;;;450,81875;0,291816473;0;;0,353658537;26,12612613;30;70;;17867,90;0;17867,90278
MOEX,MDMG:TQBR;60;20201221;180000;451;;;;;;450,7375;0;131,6092293;;1,014705882;50,3649635;30;70;;0,00;39,61840971;17867,90278
MOEX,MDMG:TQBR;60;20201221;190000;451,4;;;;;;450,79375;0;131,6092293;;1,305084746;56,61764706;30;70;;0,00;39,61840971;17883,75014
MOEX,MDMG:TQBR;60;20201222;110000;450,9;;;;;;450,84375;0;131,6092293;;1,115942029;52,73972603;30;70;;0,00;39,61840971;17863,94094
MOEX,MDMG:TQBR;60;20201222;120000;451,7;;;;;;450,99375;0;131,6092293;;1,057971014;51,4084507;30;70;;0,00;39,61840971;17895,63567
MOEX,MDMG:TQBR;60;20201222;130000;449,45;;;;;;450,7375;0,292822849;0;;0,701923077;41,24293785;30;70;;0,00;39,61840971;17806,49425
MOEX,MDMG:TQBR;60;20201222;140000;451,9;;;;;;450,85;0;132,3266453;;1,086538462;52,07373272;30;70;;0,00;39,61840971;17903,55935
MOEX,MDMG:TQBR;60;20201222;150000;450,3;;;;;;450,70625;0,293863303;0;;1,298850575;56,5;30;70;;0,00;39,61840971;17840,16989
MOEX,MDMG:TQBR;60;20201222;160000;451,1;;;;;;450,96875;0;132,5617359;;1,022988506;50,56818182;30;70;;0,00;39,61840971;17871,86462
MOEX,MDMG:TQBR;60;20201222;170000;451,3;;;;;;451,00625;0;132,5617359;;0,977011494;49,41860465;30;70;;0,00;39,61840971;17879,7883
MOEX,MDMG:TQBR;60;20201222;180000;451,2;;;;;;450,98125;0;132,5617359;;1,075949367;51,82926829;30;70;;0,00;39,61840971;17875,82646
MOEX,MDMG:TQBR;60;20201222;190000;451,7;;;;;;451,08125;0;132,5617359;;1;50;30;70;;0,00;39,61840971;17895,63567
MOEX,MDMG:TQBR;60;20201223;110000;452,6;;;;;;451,19375;0;132,5617359;;2,852941176;74,04580153;30;70;;0,00;39,61840971;17931,29224
MOEX,MDMG:TQBR;60;20201223;120000;453,35;;;;;;451,68125;0;132,5617359;;1,852941176;64,94845361;30;70;;17961,01;0;17961,00604
MOEX,MDMG:TQBR;60;20201223;130000;453,75;;;;;;451,9125;0;132,5617359;;35,5;97,26027397;30;70;;17961,01;0;17961,00604
MOEX,MDMG:TQBR;60;20201223;140000;452,55;;;;;;452,19375;0;132,5617359;;2,115384615;67,90123457;30;70;;17961,01;0;17961,00604
MOEX,MDMG:TQBR;60;20201223;150000;452;;;;;;452,30625;0,293278177;0;;1,378378378;57,95454545;30;70;;17961,01;0;17961,00604
MOEX,MDMG:TQBR;60;20201223;160000;452,45;;;;;;452,45;0;132,6937111;;1,714285714;63,15789474;30;70;;17961,01;0;17961,00604
MOEX,MDMG:TQBR;60;20201223;170000;452;;;;;;452,55;0,293570157;0;;1,136363636;53,19148936;30;70;;17961,01;0;17961,00604
MOEX,MDMG:TQBR;60;20201223;180000;451,85;;;;;;452,56875;0,293570157;0;;0,680851064;40,50632911;30;70;;17961,01;0;17961,00604
MOEX,MDMG:TQBR;60;20201223;190000;451;;;;;;452,36875;0,293570157;0;;0,265625;20,98765432;30;70;;17961,01;0;17961,00604
MOEX,MDMG:TQBR;60;20201224;110000;451;;;;;;452,075;0,293570157;0;;0,140625;12,32876712;30;70;;17961,01;0;17961,00604
MOEX,MDMG:TQBR;60;20201224;120000;447,7;;;;;;451,31875;0,293570157;0;;0,08490566;7,826086957;30;70;;17961,01;0;17961,00604
MOEX,MDMG:TQBR;60;20201224;130000;450,3;;;;;;451,0375;0,293570157;0;;0,642105263;39,1025641;30;70;;0,00;39,88675559;17961,00604
MOEX,MDMG:TQBR;60;20201224;140000;450,1;;;;;;450,8;0,293570157;0;;0,525252525;34,43708609;30;70;;0,00;39,88675559;17953,02869
MOEX,MDMG:TQBR;60;20201224;150000;449,35;;;;;;450,4125;0,293570157;0;;0,495238095;33,12101911;30;70;;0,00;39,88675559;17923,11363
MOEX,MDMG:TQBR;60;20201224;160000;449,4;;;;;;450,0875;0,293570157;0;;0,519607843;34,19354839;30;70;;0,00;39,88675559;17925,10796
MOEX,MDMG:TQBR;60;20201224;170000;448,5;;;;;;449,66875;0,293570157;0;;0,514563107;33,97435897;30;70;;0,00;39,88675559;17889,20988
MOEX,MDMG:TQBR;60;20201224;180000;448,55;;;;;;449,3625;0,293570157;0;;0,524271845;34,39490446;30;70;;0,00;39,88675559;17891,20422
MOEX,MDMG:TQBR;60;20201224;190000;451;;;;;;449,3625;0;132,4001409;;2,783783784;73,57142857;30;70;;0,00;39,88675559;17988,92677
MOEX,MDMG:TQBR;60;20201225;110000;450,9;;;;;;449,7625;0;132,4001409;;1,307692308;56,66666667;30;70;;17984,94;0;17984,9381
MOEX,MDMG:TQBR;60;20201225;120000;450,85;;;;;;449,83125;0;132,4001409;;1,416666667;58,62068966;30;70;;17984,94;0;17984,9381
MOEX,MDMG:TQBR;60;20201225;130000;450,9;;;;;;449,93125;0;132,4001409;;2,476190476;71,23287671;30;70;;17984,94;0;17984,9381
MOEX,MDMG:TQBR;60;20201225;140000;450,8;;;;;;450,1125;0;132,4001409;;2,217391304;68,91891892;30;70;;17984,94;0;17984,9381
MOEX,MDMG:TQBR;60;20201225;150000;450,9;;;;;;450,3;0;132,4001409;;10,6;91,37931034;30;70;;17984,94;0;17984,9381
MOEX,MDMG:TQBR;60;20201225;160000;449,05;;;;;;450,36875;0,294844986;0;;1,238095238;55,31914894;30;70;;17984,94;0;17984,9381
MOEX,MDMG:TQBR;60;20201225;170000;449,5;;;;;;450,4875;0,294844986;0;;0,285714286;22,22222222;30;70;;17984,94;0;17984,9381
MOEX,MDMG:TQBR;60;20201225;180000;452,05;;;;;;450,61875;0;133,2846759;;1,575;61,16504854;30;70;;0,00;39,78528503;17984,9381
MOEX,MDMG:TQBR;60;20201225;190000;452,05;;;;;;450,7625;0;133,2846759;;1,615384615;61,76470588;30;70;;0,00;39,78528503;17984,9381
MOEX,MDMG:TQBR;60;20201228;110000;451,2;;;;;;450,80625;0;133,2846759;;1,107142857;52,54237288;30;70;;0,00;39,78528503;17951,1206
MOEX,MDMG:TQBR;60;20201228;120000;451,4;;;;;;450,86875;0;133,2846759;;1,222222222;55;30;70;;0,00;39,78528503;17959,07766
MOEX,MDMG:TQBR;60;20201228;130000;451,8;;;;;;450,99375;0;133,2846759;;1,333333333;57,14285714;30;70;;0,00;39,78528503;17974,99178
MOEX,MDMG:TQBR;60;20201228;140000;451,75;;;;;;451,1;0;133,2846759;;4;80;30;70;;0,00;39,78528503;17973,00251
MOEX,MDMG:TQBR;60;20201228;150000;450,5;;;;;;451,28125;0,295859436;0;;1,465116279;59,43396226;30;70;;17923,27;0;17923,27091
MOEX,MDMG:TQBR;60;20201228;160000;450,8;;;;;;451,44375;0,295859436;0;;0,418604651;29,50819672;30;70;;17923,27;0;17923,27091
MOEX,MDMG:TQBR;60;20201228;170000;451,1;;;;;;451,325;0,295859436;0;;0,558139535;35,82089552;30;70;;0,00;39,73236734;17923,27091
MOEX,MDMG:TQBR;60;20201228;180000;451,75;;;;;;451,2875;0;133,6545002;;1,423076923;58,73015873;30;70;;0,00;39,73236734;17949,09694
MOEX,MDMG:TQBR;60;20201228;190000;451,6;;;;;;451,3375;0;133,6545002;;1,137931034;53,22580645;30;70;;0,00;39,73236734;17943,13709
MOEX,MDMG:TQBR;60;20201229;110000;451,8;;;;;;451,3875;0;133,6545002;;1;50;30;70;;0,00;39,73236734;17951,08356
MOEX,MDMG:TQBR;60;20201229;120000;448,9;;;;;;451,025;0,297737804;0;;0,337209302;25,2173913;30;70;;0,00;39,73236734;17835,8597
MOEX,MDMG:TQBR;60;20201229;130000;452,65;;;;;;451,1375;0;134,771017;;1,704918033;63,03030303;30;70;;0,00;39,73236734;17984,85607
MOEX,MDMG:TQBR;60;20201229;140000;453;;;;;;451,45;0;134,771017;;1,721311475;63,25301205;30;70;;0,00;39,73236734;17998,7624
MOEX,MDMG:TQBR;60;20201229;150000;450,6;;;;;;451,425;0,299092359;0;;0,908256881;47,59615385;30;70;;0,00;39,73236734;17903,40472
MOEX,MDMG:TQBR;60;20201229;160000;453,75;;;;;;451,75625;0;135,7131579;;1,366972477;57,75193798;30;70;;0,00;39,73236734;18028,56168
MOEX,MDMG:TQBR;60;20201229;170000;451;;;;;;451,6625;0,300916093;0;;0,925465839;48,06451613;30;70;;0,00;39,73236734;17919,29767
MOEX,MDMG:TQBR;60;20201229;180000;451,1;;;;;;451,6;0,300916093;0;;0,913043478;47,72727273;30;70;;0,00;39,73236734;17923,27091
MOEX,MDMG:TQBR;60;20201229;190000;451,55;;;;;;451,56875;0,300916093;0;;1,514563107;60,23166023;30;70;;0,00;39,73236734;17941,15047
MOEX,MDMG:TQBR;60;20201230;110000;452,9;;;;;;452,06875;0;136,2848985;;1,048543689;51,18483412;30;70;;0,00;39,73236734;17994,78917
MOEX,MDMG:TQBR;60;20201230;120000;453,25;;;;;;452,14375;0;136,2848985;;1,048543689;51,18483412;30;70;;0,00;39,73236734;18008,6955
MOEX,MDMG:TQBR;60;20201230;130000;454,25;;;;;;452,3;0;136,2848985;;2,327272727;69,94535519;30;70;;0,00;39,73236734;18048,42786
MOEX,MDMG:TQBR;60;20201230;140000;454,55;;;;;;452,79375;0;136,2848985;;1,290909091;56,34920635;30;70;;0,00;39,73236734;18060,34757
MOEX,MDMG:TQBR;60;20201230;150000;454,2;;;;;;452,85;0;136,2848985;;10,14285714;91,02564103;30;70;;0,00;39,73236734;18046,44124
MOEX,MDMG:TQBR;60;20201230;160000;455,95;;;;;;453,46875;0;136,2848985;;14,85714286;93,69369369;30;70;;0,00;39,73236734;18115,97289
MOEX,MDMG:TQBR;60;20201230;170000;457,5;;;;;;454,26875;0;136,2848985;;18;94,73684211;30;70;;0,00;39,73236734;18177,55806
MOEX,MDMG:TQBR;60;20201230;180000;458,05;;;;;;455,08125;0;136,2848985;;15,71428571;94,01709402;30;70;;0,00;39,73236734;18199,41086
MOEX,MDMG:TQBR;60;20201230;190000;457,4;;;;;;455,64375;0;136,2848985;;5,15;83,7398374;30;70;;0,00;39,73236734;18173,58482
MOEX,MDMG:TQBR;60;20210104;110000;456,05;;;;;;455,99375;0;136,2848985;;1,765957447;63,84615385;30;70;;18119,95;0;18119,94612
MOEX,MDMG:TQBR;60;20210104;120000;457,8;;;;;;456,4375;0;136,2848985;;2,382978723;70,44025157;30;70;;18119,95;0;18119,94612
MOEX,MDMG:TQBR;60;20210104;130000;457,55;;;;;;456,8125;0;136,2848985;;2,488888889;71,33757962;30;70;;18119,95;0;18119,94612
MOEX,MDMG:TQBR;60;20210104;140000;457,75;;;;;;457,25625;0;136,2848985;;1,8;64,28571429;30;70;;18119,95;0;18119,94612
MOEX,MDMG:TQBR;60;20210104;150000;458,3;;;;;;457,55;0;136,2848985;;1,355555556;57,54716981;30;70;;18119,95;0;18119,94612
MOEX,MDMG:TQBR;60;20210104;160000;457,65;;;;;;457,56875;0;136,2848985;;0,862068966;46,2962963;30;70;;18119,95;0;18119,94612
MOEX,MDMG:TQBR;60;20210104;170000;459,6;;;;;;457,7625;0;136,2848985;;1,977777778;66,41791045;30;70;;18119,95;0;18119,94612
MOEX,MDMG:TQBR;60;20210104;180000;459;;;;;;457,9625;0;136,2848985;;2,966666667;74,78991597;30;70;;18119,95;0;18119,94612
MOEX,MDMG:TQBR;60;20210104;190000;460;;;;;;458,45625;0;136,2848985;;2,466666667;71,15384615;30;70;;18119,95;0;18119,94612
MOEX,MDMG:TQBR;60;20210105;110000;466;;;;;;459,48125;0;136,2848985;;7,76;88,58447489;30;70;;18119,95;0;18119,94612
MOEX,MDMG:TQBR;60;20210105;120000;467,25;;;;;;460,69375;0;136,2848985;;8,6;89,58333333;30;70;;18119,95;0;18119,94612
MOEX,MDMG:TQBR;60;20210105;130000;467,9;;;;;;461,9625;0;136,2848985;;8,68;89,66942149;30;70;;18119,95;0;18119,94612
MOEX,MDMG:TQBR;60;20210105;140000;465,65;;;;;;462,88125;0;136,2848985;;3,807017544;79,19708029;30;70;;18119,95;0;18119,94612
MOEX,MDMG:TQBR;60;20210105;150000;463,8;;;;;;463,65;0;136,2848985;;1,893617021;65,44117647;30;70;;18119,95;0;18119,94612
MOEX,MDMG:TQBR;60;20210105;160000;466,4;;;;;;464,5;0;136,2848985;;2,804878049;73,71794872;30;70;;18119,95;0;18119,94612
MOEX,MDMG:TQBR;60;20210105;170000;466,5;;;;;;465,4375;0;136,2848985;;2,585365854;72,10884354;30;70;;18119,95;0;18119,94612
MOEX,MDMG:TQBR;60;20210105;180000;466,3;;;;;;466,225;0;136,2848985;;1,069767442;51,68539326;30;70;;18119,95;0;18119,94612
MOEX,MDMG:TQBR;60;20210105;190000;462,25;;;;;;465,75625;0,294829418;0;;0,401197605;28,63247863;30;70;;18119,95;0;18119,94612
MOEX,MDMG:TQBR;60;20210106;110000;460,9;;;;;;464,9625;0,294829418;0;;0,278350515;21,77419355;30;70;;18119,95;0;18119,94612
MOEX,MDMG:TQBR;60;20210106;120000;466,35;;;;;;464,76875;0;137,4936991;;1,093959732;52,24358974;30;70;;0,00;38,85482175;18119,94612
MOEX,MDMG:TQBR;60;20210106;130000;462,15;;;;;;464,33125;0,297508815;0;;0,831632653;45,40389972;30;70;;0,00;38,85482175;17956,75587
MOEX,MDMG:TQBR;60;20210106;140000;465,35;;;;;;464,525;0;138,4457273;;0,892857143;47,16981132;30;70;;0,00;38,85482175;18081,0913
MOEX,MDMG:TQBR;60;20210106;150000;460,95;;;;;;463,84375;0,300348687;0;;0,60915493;37,85557987;30;70;;0,00;38,85482175;17910,13009
MOEX,MDMG:TQBR;60;20210106;160000;465;;;;;;463,65625;0;139,6621395;;0,907142857;47,56554307;30;70;;0,00;38,85482175;18067,49211
MOEX,MDMG:TQBR;60;20210106;170000;466;;;;;;463,61875;0;139,6621395;;1,376884422;57,92811839;30;70;;0,00;38,85482175;18106,34694
MOEX,MDMG:TQBR;60;20210106;180000;465;;;;;;463,9625;0;139,6621395;;1,427083333;58,79828326;30;70;;0,00;38,85482175;18067,49211
MOEX,MDMG:TQBR;60;20210106;190000;461,95;;;;;;464,09375;0,302331723;0;;0,652173913;39,47368421;30;70;;0,00;38,85482175;17948,98491
MOEX,MDMG:TQBR;60;20210108;110000;465,25;;;;;;463,95625;0;140,6598341;;1,366863905;57,75;30;70;;0,00;38,85482175;18077,20582
MOEX,MDMG:TQBR;60;20210108;120000;466,9;;;;;;464,55;0;140,6598341;;1,183431953;54,20054201;30;70;;0,00;38,85482175;18141,31628
MOEX,MDMG:TQBR;60;20210108;130000;465,35;;;;;;464,55;0;140,6598341;;1,785714286;64,1025641;30;70;;0,00;38,85482175;18081,0913
MOEX,MDMG:TQBR;60;20210108;140000;466,75;;;;;;465,275;0;140,6598341;;1,3125;56,75675676;30;70;;0,00;38,85482175;18135,48805
MOEX,MDMG:TQBR;60;20210108;150000;465,7;;;;;;465,3625;0;140,6598341;;0,954887218;48,84615385;30;70;;0,00;38,85482175;18094,69049
MOEX,MDMG:TQBR;60;20210108;160000;466,9;;;;;;465,475;0;140,6598341;;1,336283186;57,1969697;30;70;;0,00;38,85482175;18141,31628
MOEX,MDMG:TQBR;60;20210108;170000;465,95;;;;;;465,59375;0;140,6598341;;2,126760563;68,01801802;30;70;;0,00;38,85482175;18104,40419
MOEX,MDMG:TQBR;60;20210108;180000;465,95;;;;;;466,09375;0,301877528;0;;1,197183099;54,48717949;30;70;;0,00;38,85482175;18104,40419
MOEX,MDMG:TQBR;60;20210108;190000;465,5;;;;;;466,125;0,301877528;0;;0,65;39,39393939;30;70;;0,00;38,85482175;18086,91953
MOEX,MDMG:TQBR;60;20210111;110000;469;;;;;;466,3875;0;141,5805606;;2,489795918;71,34502924;30;70;;0,00;38,85482175;18222,9114
MOEX,MDMG:TQBR;60;20210111;120000;465,65;;;;;;466,425;0,304049309;0;;0,810344828;44,76190476;30;70;;18092,75;0;18092,74775
MOEX,MDMG:TQBR;60;20210111;130000;466,9;;;;;;466,44375;0;141,9606222;;1,252631579;55,60747664;30;70;;18092,75;0;18092,74775
MOEX,MDMG:TQBR;60;20210111;140000;469,8;;;;;;466,95625;0;141,9606222;;1,610526316;61,69354839;30;70;;18092,75;0;18092,74775
MOEX,MDMG:TQBR;60;20210111;150000;468;;;;;;467,09375;0;141,9606222;;1,366071429;57,73584906;30;70;;18092,75;0;18092,74775
MOEX,MDMG:TQBR;60;20210111;160000;468,65;;;;;;467,43125;0;141,9606222;;1,482142857;59,71223022;30;70;;18092,75;0;18092,74775
MOEX,MDMG:TQBR;60;20210111;170000;470;;;;;;467,9375;0;141,9606222;;1,873786408;65,2027027;30;70;;18092,75;0;18092,74775
MOEX,MDMG:TQBR;60;20210111;180000;470,45;;;;;;468,55625;0;141,9606222;;1,281553398;56,17021277;30;70;;18092,75;0;18092,74775
MOEX,MDMG:TQBR;60;20210111;190000;471,85;;;;;;468,9125;0;141,9606222;;4,444444444;81,63265306;30;70;;18092,75;0;18092,74775
MOEX,MDMG:TQBR;60;20210112;110000;472,25;;;;;;469,7375;0;141,9606222;;3,972222222;79,88826816;30;70;;18092,75;0;18092,74775
MOEX,MDMG:TQBR;60;20210112;120000;473,35;;;;;;470,54375;0;141,9606222;;2,972222222;74,82517483;30;70;;18092,75;0;18092,74775
MOEX,MDMG:TQBR;60;20210112;130000;471,5;;;;;;470,75625;0;141,9606222;;2,891891892;74,30555556;30;70;;18092,75;0;18092,74775
MOEX,MDMG:TQBR;60;20210112;140000;471,6;;;;;;471,20625;0;141,9606222;;2,594594595;72,18045113;30;70;;18092,75;0;18092,74775
MOEX,MDMG:TQBR;60;20210112;150000;471,6;;;;;;471,575;0;141,9606222;;1,864864865;65,09433962;30;70;;18092,75;0;18092,74775
MOEX,MDMG:TQBR;60;20210112;160000;471,25;;;;;;471,73125;0,3012427;0;;1,363636364;57,69230769;30;70;;18092,75;0;18092,74775
MOEX,MDMG:TQBR;60;20210112;170000;470;;;;;;471,675;0,3012427;0;;0,463768116;31,68316832;30;70;;18092,75;0;18092,74775
MOEX,MDMG:TQBR;60;20210112;180000;467,55;;;;;;471,1375;0,3012427;0;;0,203389831;16,90140845;30;70;;18092,75;0;18092,74775
MOEX,MDMG:TQBR;60;20210112;190000;467,25;;;;;;470,5125;0,3012427;0;;0,016129032;1,587301587;30;70;;18092,75;0;18092,74775
MOEX,MDMG:TQBR;60;20210113;110000;465,6;;;;;;469,54375;0,3012427;0;;0,016666667;1,639344262;30;70;;18092,75;0;18092,74775
MOEX,MDMG:TQBR;60;20210113;120000;466,35;;;;;;468,9;0,3012427;0;;0,125;11,11111111;30;70;;18092,75;0;18092,74775
MOEX,MDMG:TQBR;60;20210113;130000;470;;;;;;468,7;0;141,5840689;;0,733333333;42,30769231;30;70;;0,00;38,49520798;18092,74775
MOEX,MDMG:TQBR;60;20210113;140000;470,65;;;;;;468,58125;0;141,5840689;;0,89380531;47,19626168;30;70;;0,00;38,49520798;18117,76963
MOEX,MDMG:TQBR;60;20210113;150000;470,65;;;;;;468,50625;0;141,5840689;;1,147727273;53,43915344;30;70;;0,00;38,49520798;18117,76963
MOEX,MDMG:TQBR;60;20210113;160000;468,5;;;;;;468,31875;0;141,5840689;;1,231707317;55,19125683;30;70;;0,00;38,49520798;18035,00494
MOEX,MDMG:TQBR;60;20210113;170000;467,3;;;;;;468,2875;0,302983242;0;;1,01;50,24875622;30;70;;0,00;38,49520798;17988,81069
MOEX,MDMG:TQBR;60;20210113;180000;468,2;;;;;;468,40625;0,302983242;0;;1,776119403;63,97849462;30;70;;0,00;38,49520798;18023,45637
MOEX,MDMG:TQBR;60;20210113;190000;464,05;;;;;;468,2125;0,302983242;0;;0,693333333;40,94488189;30;70;;0,00;38,49520798;17863,70126
MOEX,MDMG:TQBR;60;20210114;110000;470,05;;;;;;468,675;0;142,4172728;;1,006666667;50,16611296;30;70;;0,00;38,49520798;18094,67251
MOEX,MDMG:TQBR;60;20210114;120000;466,5;;;;;;468,2375;0,305288902;0;;0,624434389;38,44011142;30;70;;0,00;38,49520798;17958,01452
MOEX,MDMG:TQBR;60;20210114;130000;467,35;;;;;;467,825;0,305288902;0;;0,701357466;41,22340426;30;70;;0,00;38,49520798;17990,73545
MOEX,MDMG:TQBR;60;20210114;140000;468;;;;;;467,49375;0;142,8752061;;0,943820225;48,55491329;30;70;;0,00;38,49520798;18015,75733
MOEX,MDMG:TQBR;60;20210114;150000;464,4;;;;;;466,98125;0,307655483;0;;0,743362832;42,63959391;30;70;;0,00;38,49520798;17877,17458
MOEX,MDMG:TQBR;60;20210114;160000;464;;;;;;466,56875;0,307655483;0;;0,641025641;39,0625;30;70;;0,00;38,49520798;17861,7765
MOEX,MDMG:TQBR;60;20210114;170000;465,45;;;;;;466,225;0,307655483;0;;1,185430464;54,24242424;30;70;;0,00;38,49520798;17917,59455
MOEX,MDMG:TQBR;60;20210114;180000;463,35;;;;;;466,1375;0,307655483;0;;0,305699482;23,41269841;30;70;;0,00;38,49520798;17836,75462
MOEX,MDMG:TQBR;60;20210114;190000;463,7;;;;;;465,34375;0,307655483;0;;0,540983607;35,10638298;30;70;;0,00;38,49520798;17850,22794
MOEX,MDMG:TQBR;60;20210115;110000;462,25;;;;;;464,8125;0,307655483;0;;0,324503311;24,5;30;70;;0,00;38,49520798;17794,40989
MOEX,MDMG:TQBR;60;20210115;120000;462,3;;;;;;464,18125;0,307655483;0;;0,245033113;19,68085106;30;70;;0,00;38,49520798;17796,33465
MOEX,MDMG:TQBR;60;20210115;130000;462;;;;;;463,43125;0,307655483;0;;0,435294118;30,32786885;30;70;;0,00;38,49520798;17784,78608
MOEX,MDMG:TQBR;60;20210115;140000;462,05;;;;;;463,1375;0,307655483;0;;0,493506494;33,04347826;30;70;;0,00;38,49520798;17786,71084
MOEX,MDMG:TQBR;60;20210115;150000;462,55;;;;;;462,95625;0,307655483;0;;0,246753247;19,79166667;30;70;;0,00;38,49520798;17805,95845
MOEX,MDMG:TQBR;60;20210115;160000;462,8;;;;;;462,625;0;142,3829574;;0,685714286;40,6779661;30;70;;0,00;38,49520798;17815,58225
MOEX,MDMG:TQBR;60;20210115;170000;464,85;;;;;;462,8125;0;142,3829574;;1,657142857;62,3655914;30;70;;0,00;38,49520798;17894,49743
MOEX,MDMG:TQBR;60;20210115;180000;464,95;;;;;;462,96875;0;142,3829574;;10;90,90909091;30;70;;0,00;38,49520798;17898,34695
MOEX,MDMG:TQBR;60;20210115;190000;463,55;;;;;;463,13125;0;142,3829574;;1,735294118;63,44086022;30;70;;17844,45;0;17844,45366
MOEX,MDMG:TQBR;60;20210118;110000;464,35;;;;;;463,3875;0;142,3829574;;2,678571429;72,81553398;30;70;;17844,45;0;17844,45366
MOEX,MDMG:TQBR;60;20210118;120000;467,15;;;;;;464,03125;0;142,3829574;;4,642857143;82,27848101;30;70;;17844,45;0;17844,45366
MOEX,MDMG:TQBR;60;20210118;130000;466,3;;;;;;464,5625;0;142,3829574;;2,666666667;72,72727273;30;70;;17844,45;0;17844,45366
MOEX,MDMG:TQBR;60;20210118;140000;465,05;;;;;;464,875;0;142,3829574;;1,642857143;62,16216216;30;70;;17844,45;0;17844,45366
MOEX,MDMG:TQBR;60;20210118;150000;465,65;;;;;;465,23125;0;142,3829574;;1,228571429;55,12820513;30;70;;17844,45;0;17844,45366
MOEX,MDMG:TQBR;60;20210118;160000;466,6;;;;;;465,45;0;142,3829574;;1,471428571;59,53757225;30;70;;17844,45;0;17844,45366
MOEX,MDMG:TQBR;60;20210118;170000;466;;;;;;465,58125;0;142,3829574;;1,907407407;65,60509554;30;70;;17844,45;0;17844,45366
MOEX,MDMG:TQBR;60;20210118;180000;465;;;;;;465,7625;0,306199908;0;;1,175675676;54,03726708;30;70;;17844,45;0;17844,45366
MOEX,MDMG:TQBR;60;20210118;190000;465,05;;;;;;465,85;0,306199908;0;;0,432432432;30,18867925;30;70;;17844,45;0;17844,45366
MOEX,MDMG:TQBR;60;20210119;110000;463,45;;;;;;465,3875;0,306199908;0;;0,359550562;26,44628099;30;70;;17844,45;0;17844,45366
MOEX,MDMG:TQBR;60;20210119;120000;462,65;;;;;;464,93125;0,306199908;0;;0,4;28,57142857;30;70;;17844,45;0;17844,45366
MOEX,MDMG:TQBR;60;20210119;130000;460,25;;;;;;464,33125;0,306199908;0;;0,15625;13,51351351;30;70;;17844,45;0;17844,45366
MOEX,MDMG:TQBR;60;20210119;140000;467,3;;;;;;464,5375;0;143,0872172;;1,109375;52,59259259;30;70;;0,00;38,18629073;17844,45366
MOEX,MDMG:TQBR;60;20210119;150000;476,7;;;;;;465,8;0;143,0872172;;2,844827586;73,99103139;30;70;;0,00;38,18629073;18203,40479
MOEX,MDMG:TQBR;60;20210119;160000;482,55;;;;;;467,86875;0;143,0872172;;4,65625;82,32044199;30;70;;0,00;38,18629073;18426,79459
MOEX,MDMG:TQBR;60;20210119;170000;491,45;;;;;;471,175;0;143,0872172;;6,5;86,66666667;30;70;;0,00;38,18629073;18766,65258
MOEX,MDMG:TQBR;60;20210119;180000;488,15;;;;;;474,0625;0;143,0872172;;4,8;82,75862069;30;70;;0,00;38,18629073;18640,63782
MOEX,MDMG:TQBR;60;20210119;190000;490,9;;;;;;477,49375;0;143,0872172;;5,956140351;85,62421185;30;70;;0,00;38,18629073;18745,65012
MOEX,MDMG:TQBR;60;20210120;110000;489,95;;;;;;480,90625;0;143,0872172;;7,988235294;88,87434555;30;70;;0,00;38,18629073;18709,37314
MOEX,MDMG:TQBR;60;20210120;120000;534;;;;;;490,125;0;143,0872172;;16,69411765;94,34840426;30;70;;0,00;38,18629073;20391,47925
MOEX,MDMG:TQBR;60;20210120;130000;503,35;;;;;;494,63125;0;143,0872172;;1,763610315;63,81544842;30;70;;19221,07;0;19221,06944
MOEX,MDMG:TQBR;60;20210120;140000;500;;;;;;497,54375;0;143,0872172;;1,45620915;59,28685471;30;70;;19221,07;0;19221,06944
MOEX,MDMG:TQBR;60;20210120;150000;500,75;;;;;;499,81875;0;143,0872172;;1,243137255;55,41958042;30;70;;19221,07;0;19221,06944
MOEX,MDMG:TQBR;60;20210120;160000;499,45;;;;;;500,81875;0,286489573;0;;1,311724138;56,74224344;30;70;;19221,07;0;19221,06944
MOEX,MDMG:TQBR;60;20210120;170000;501;;;;;;502,425;0,286489573;0;;1,27862069;56,11380145;30;70;;19221,07;0;19221,06944
MOEX,MDMG:TQBR;60;20210120;180000;500,8;;;;;;503,6625;0,286489573;0;;1,305633803;56,62797801;30;70;;19221,07;0;19221,06944
MOEX,MDMG:TQBR;60;20210120;190000;501,95;;;;;;505,1625;0,286489573;0;;0,097183099;8,857509628;30;70;;19221,07;0;19221,06944
MOEX,MDMG:TQBR;60;20210121;110000;495,8;;;;;;500,3875;0,286489573;0;;0,313636364;23,87543253;30;70;;19221,07;0;19221,06944
MOEX,MDMG:TQBR;60;20210121;120000;493,4;;;;;;499,14375;0,286489573;0;;0,343283582;25,55555556;30;70;;19221,07;0;19221,06944
MOEX,MDMG:TQBR;60;20210121;130000;490,7;;;;;;497,98125;0,286489573;0;;0,211764706;17,47572816;30;70;;19221,07;0;19221,06944
MOEX,MDMG:TQBR;60;20210121;140000;490,7;;;;;;496,725;0,286489573;0;;0,23580786;19,08127208;30;70;;19221,07;0;19221,06944
MOEX,MDMG:TQBR;60;20210121;150000;491,8;;;;;;495,76875;0,286489573;0;;0,19650655;16,42335766;30;70;;19221,07;0;19221,06944
MOEX,MDMG:TQBR;60;20210121;160000;493,95;;;;;;494,8875;0,286489573;0;;0,391111111;28,11501597;30;70;;19221,07;0;19221,06944
MOEX,MDMG:TQBR;60;20210121;170000;493,95;;;;;;494,03125;0,286489573;0;;0,288888889;22,4137931;30;70;;19221,07;0;19221,06944
MOEX,MDMG:TQBR;60;20210121;180000;494;;;;;;493,0375;0;141,525849;;0,647058824;39,28571429;30;70;;0,00;38,90904744;19221,06944
MOEX,MDMG:TQBR;60;20210121;190000;490;;;;;;492,3125;0,288828263;0;;0,492537313;33;30;70;;0,00;38,90904744;19065,43325
MOEX,MDMG:TQBR;60;20210122;110000;490;;;;;;491,8875;0,288828263;0;;0,825;45,20547945;30;70;;0,00;38,90904744;19065,43325
MOEX,MDMG:TQBR;60;20210122;120000;489,2;;;;;;491,7;0,288828263;0;;0,6875;40,74074074;30;70;;0,00;38,90904744;19034,30601
MOEX,MDMG:TQBR;60;20210122;130000;489,8;;;;;;491,5875;0,288828263;0;;0,583333333;36,84210526;30;70;;0,00;38,90904744;19057,65144
MOEX,MDMG:TQBR;60;20210122;140000;493,5;;;;;;491,8;0;142,5367479;;0,90625;47,54098361;30;70;;0,00;38,90904744;19201,61491
MOEX,MDMG:TQBR;60;20210122;150000;495,05;;;;;;491,9375;0;142,5367479;;1,229166667;55,14018692;30;70;;0,00;38,90904744;19261,92394
MOEX,MDMG:TQBR;60;20210122;160000;495,05;;;;;;492,075;0;142,5367479;;1,21875;54,92957746;30;70;;0,00;38,90904744;19261,92394
MOEX,MDMG:TQBR;60;20210122;170000;493,6;;;;;;492,025;0;142,5367479;;2,6;72,22222222;30;70;;0,00;38,90904744;19205,50582
MOEX,MDMG:TQBR;60;20210122;180000;489,7;;;;;;491,9875;0,291069528;0;;0,951219512;48,75;30;70;;19053,76;0;19053,76053
MOEX,MDMG:TQBR;60;20210122;190000;491,2;;;;;;492,1375;0,291069528;0;;1,373831776;57,87401575;30;70;;19053,76;0;19053,76053
MOEX,MDMG:TQBR;60;20210125;110000;491,5;;;;;;492,425;0,291069528;0;;1,317757009;56,85483871;30;70;;19053,76;0;19053,76053
MOEX,MDMG:TQBR;60;20210125;120000;494,75;;;;;;493,04375;0;144,006649;;1,23364486;55,23012552;30;70;;19053,76;0;19053,76053
MOEX,MDMG:TQBR;60;20210125;130000;491,85;;;;;;492,8375;0,292785705;0;;0,612121212;37,96992481;30;70;;19053,76;0;19053,76053
MOEX,MDMG:TQBR;60;20210125;140000;491;;;;;;492,33125;0,292785705;0;;0,554945055;35,68904594;30;70;;19053,76;0;19053,76053
MOEX,MDMG:TQBR;60;20210125;150000;491,9;;;;;;491,9375;0,292785705;0;;0,777777778;43,75;30;70;;19053,76;0;19053,76053
MOEX,MDMG:TQBR;60;20210125;160000;496,9;;;;;;492,35;0;145,4852168;;2,92;74,48979592;30;70;;19053,76;0;19053,76053
MOEX,MDMG:TQBR;60;20210125;170000;497,95;;;;;;493,38125;0;145,4852168;;2,8;73,68421053;30;70;;19053,76;0;19053,76053
MOEX,MDMG:TQBR;60;20210125;180000;499;;;;;;494,35625;0;145,4852168;;3;75;30;70;;19053,76;0;19053,76053
MOEX,MDMG:TQBR;60;20210125;190000;499,45;;;;;;495,35;0;145,4852168;;2,253333333;69,26229508;30;70;;19053,76;0;19053,76053
MOEX,MDMG:TQBR;60;20210126;110000;496,15;;;;;;495,525;0;145,4852168;;2,036144578;67,06349206;30;70;;19053,76;0;19053,76053
MOEX,MDMG:TQBR;60;20210126;120000;491,15;;;;;;495,4375;0,296213411;0;;1,018072289;50,44776119;30;70;;19053,76;0;19053,76053
MOEX,MDMG:TQBR;60;20210126;130000;490;;;;;;495,3125;0,296213411;0;;0,798941799;44,41176471;30;70;;19053,76;0;19053,76053
MOEX,MDMG:TQBR;60;20210126;140000;489,35;;;;;;494,99375;0,296213411;0;;0,252475248;20,15810277;30;70;;19053,76;0;19053,76053
MOEX,MDMG:TQBR;60;20210126;150000;490,15;;;;;;494,15;0,296213411;0;;0,227722772;18,5483871;30;70;;19053,76;0;19053,76053
MOEX,MDMG:TQBR;60;20210126;160000;490,4;;;;;;493,20625;0,296213411;0;;0,148514851;12,93103448;30;70;;19053,76;0;19053,76053
MOEX,MDMG:TQBR;60;20210126;170000;490,9;;;;;;492,19375;0,296213411;0;;0,153465347;13,30472103;30;70;;19053,76;0;19053,76053
MOEX,MDMG:TQBR;60;20210126;180000;490,1;;;;;;491,025;0,296213411;0;;0,203947368;16,93989071;30;70;;19053,76;0;19053,76053
MOEX,MDMG:TQBR;60;20210126;190000;489,5;;;;;;490,19375;0,296213411;0;;0,484375;32,63157895;30;70;;0,00;38,92494491;19053,76053
MOEX,MDMG:TQBR;60;20210127;110000;486,95;;;;;;489,66875;0,296213411;0;;0,336956522;25,20325203;30;70;;0,00;38,92494491;18954,50192
MOEX,MDMG:TQBR;60;20210127;120000;487,9;;;;;;489,40625;0,296213411;0;;0,632911392;38,75968992;30;70;;0,00;38,92494491;18991,48062
MOEX,MDMG:TQBR;60;20210127;130000;488,05;;;;;;489,24375;0,296213411;0;;0,46835443;31,89655172;30;70;;0,00;38,92494491;18997,31936
MOEX,MDMG:TQBR;60;20210127;140000;487,85;;;;;;488,95625;0,296213411;0;;0,385542169;27,82608696;30;70;;0,00;38,92494491;18989,53437
MOEX,MDMG:TQBR;60;20210127;150000;488,5;;;;;;488,71875;0,296213411;0;;0,421686747;29,66101695;30;70;;0,00;38,92494491;19014,83559
MOEX,MDMG:TQBR;60;20210127;160000;489,65;;;;;;488,5625;0;145,0408967;;0,865671642;46,4;30;70;;0,00;38,92494491;19059,59928
MOEX,MDMG:TQBR;60;20210127;170000;489,45;;;;;;488,48125;0;145,0408967;;0,983050847;49,57264957;30;70;;0,00;38,92494491;19051,81429
MOEX,MDMG:TQBR;60;20210127;180000;488,5;;;;;;488,35625;0;145,0408967;;2,148148148;68,23529412;30;70;;0,00;38,92494491;19014,83559
MOEX,MDMG:TQBR;60;20210127;190000;487,65;;;;;;488,44375;0,297428272;0;;0,886363636;46,98795181;30;70;;0,00;38,92494491;18981,74939
MOEX,MDMG:TQBR;60;20210128;110000;490,8;;;;;;488,80625;0;145,9777958;;2,25;69,23076923;30;70;;0,00;38,92494491;19104,36296
MOEX,MDMG:TQBR;60;20210128;120000;491,6;;;;;;489,25;0;145,9777958;;2,875;74,19354839;30;70;;0,00;38,92494491;19135,50292
MOEX,MDMG:TQBR;60;20210128;130000;488,1;;;;;;489,28125;0,299073542;0;;0,927272727;48,11320755;30;70;;18999,27;0;18999,26561
MOEX,MDMG:TQBR;60;20210128;140000;486,95;;;;;;489,0875;0,299073542;0;;0,593984962;37,26415094;30;70;;18999,27;0;18999,26561
MOEX,MDMG:TQBR;60;20210128;150000;487,5;;;;;;488,81875;0,299073542;0;;0,697674419;41,09589041;30;70;;18999,27;0;18999,26561
MOEX,MDMG:TQBR;60;20210128;160000;483,9;;;;;;488,125;0,299073542;0;;0,494505495;33,08823529;30;70;;18999,27;0;18999,26561
MOEX,MDMG:TQBR;60;20210128;170000;485,05;;;;;;487,69375;0,299073542;0;;0,684848485;40,64748201;30;70;;18999,27;0;18999,26561
MOEX,MDMG:TQBR;60;20210128;180000;485,5;;;;;;487,425;0,299073542;0;;0,357575758;26,33928571;30;70;;18999,27;0;18999,26561
MOEX,MDMG:TQBR;60;20210128;190000;485;;;;;;486,7;0,299073542;0;;0,245714286;19,72477064;30;70;;18999,27;0;18999,26561
MOEX,MDMG:TQBR;60;20210129;110000;485,5;;;;;;485,9375;0,299073542;0;;0,504761905;33,5443038;30;70;;0,00;39,13339982;18999,26561
MOEX,MDMG:TQBR;60;20210129;120000;477,75;;;;;;484,64375;0,299073542;0;;0,223628692;18,27586207;30;70;;0,00;39,13339982;18695,98176
MOEX,MDMG:TQBR;60;20210129;130000;477,05;;;;;;483,40625;0,299073542;0;;0,167330677;14,33447099;30;70;;0,00;39,13339982;18668,58838
MOEX,MDMG:TQBR;60;20210129;140000;477,6;;;;;;482,16875;0,299073542;0;;0,296089385;22,84482759;30;70;;0,00;39,13339982;18690,11175
MOEX,MDMG:TQBR;60;20210129;150000;477,3;;;;;;481,34375;0,299073542;0;;0,162162162;13,95348837;30;70;;0,00;39,13339982;18678,37173
MOEX,MDMG:TQBR;60;20210129;160000;477;;;;;;480,3375;0,299073542;0;;0,109947644;9,905660377;30;70;;0,00;39,13339982;18666,63171
MOEX,MDMG:TQBR;60;20210129;170000;473,5;;;;;;478,8375;0,299073542;0;;0,083665339;7,720588235;30;70;;0,00;39,13339982;18529,66481
MOEX,MDMG:TQBR;60;20210129;180000;472;;;;;;477,2125;0,299073542;0;;0,039145907;3,767123288;30;70;;0,00;39,13339982;18470,96471
MOEX,MDMG:TQBR;60;20210129;190000;471,95;;;;;;475,51875;0,299073542;0;;0,086614173;7,971014493;30;70;;0,00;39,13339982;18469,00804
MOEX,MDMG:TQBR;60;20210201;110000;477,45;;;;;;475,48125;0;142,7926626;;1,07079646;51,70940171;30;70;;0,00;39,13339982;18684,24174
MOEX,MDMG:TQBR;60;20210201;120000;461,75;;;;;;473,56875;0,309242366;0;;0,257611241;20,48417132;30;70;;0,00;39,13339982;18069,84737
MOEX,MDMG:TQBR;60;20210201;130000;462;;;;;;471,61875;0,309242366;0;;0,273159145;21,45522388;30;70;;0,00;39,13339982;18079,63072
MOEX,MDMG:TQBR;60;20210201;140000;459;;;;;;469,33125;0,309242366;0;;0,242105263;19,49152542;30;70;;0,00;39,13339982;17962,23052
MOEX,MDMG:TQBR;60;20210201;150000;460,6;;;;;;467,28125;0,309242366;0;;0,362962963;26,63043478;30;70;;0,00;39,13339982;18024,84396
MOEX,MDMG:TQBR;60;20210201;160000;461,8;;;;;;465,81875;0,309242366;0;;0,456;31,31868132;30;70;;0,00;39,13339982;18071,80404
MOEX,MDMG:TQBR;60;20210201;170000;464,4;;;;;;464,86875;0,309242366;0;;0,596256684;37,35343384;30;70;;0,00;39,13339982;18173,55087
MOEX,MDMG:TQBR;60;20210201;180000;462,7;;;;;;463,7125;0,309242366;0;;0,276960784;21,6890595;30;70;;0,00;39,13339982;18107,02409
MOEX,MDMG:TQBR;60;20210201;190000;464;;;;;;462,03125;0;143,4884579;;1,478723404;59,65665236;30;70;;0,00;39,13339982;18157,89751
MOEX,MDMG:TQBR;60;20210202;110000;462,95;;;;;;462,18125;0;143,4884579;;1,165217391;53,81526104;30;70;;0,00;39,13339982;18116,80744
MOEX,MDMG:TQBR;60;20210202;120000;463,8;;;;;;462,40625;0;143,4884579;;2,745454545;73,30097087;30;70;;0,00;39,13339982;18150,07083
MOEX,MDMG:TQBR;60;20210202;130000;466;;;;;;463,28125;0;143,4884579;;2,963636364;74,7706422;30;70;;0,00;39,13339982;18236,16431
MOEX,MDMG:TQBR;60;20210202;140000;468,2;;;;;;464,23125;0;143,4884579;;3,327272727;76,8907563;30;70;;0,00;39,13339982;18322,25779
MOEX,MDMG:TQBR;60;20210202;150000;469,05;;;;;;465,1375;0;143,4884579;;2,690909091;72,90640394;30;70;;0,00;39,13339982;18355,52118
MOEX,MDMG:TQBR;60;20210202;160000;470,2;;;;;;465,8625;0;143,4884579;;8,142857143;89,0625;30;70;;0,00;39,13339982;18400,52459
MOEX,MDMG:TQBR;60;20210202;170000;470,65;;;;;;466,85625;0;143,4884579;;7,333333333;88;30;70;;0,00;39,13339982;18418,13462
MOEX,MDMG:TQBR;60;20210202;180000;472,2;;;;;;467,88125;0;143,4884579;;;;30;70;;18478,79;0;18478,79139
MOEX,MDMG:TQBR;60;20210202;190000;471;;;;;;468,8875;0;143,4884579;;7;87,5;30;70;;0,00;39,23310275;18478,79139
MOEX,MDMG:TQBR;60;20210203;110000;468;;;;;;469,4125;0,306599269;0;;1,476190476;59,61538462;30;70;;18361,09;0;18361,09208
MOEX,MDMG:TQBR;60;20210203;120000;470,55;;;;;;469,98125;0;144,270286;;1,55952381;60,93023256;30;70;;18361,09;0;18361,09208
MOEX,MDMG:TQBR;60;20210203;130000;470,65;;;;;;470,2875;0;144,270286;;1,380952381;58;30;70;;18361,09;0;18361,09208
MOEX,MDMG:TQBR;60;20210203;140000;469,65;;;;;;470,3625;0,307186811;0;;0,894230769;47,20812183;30;70;;18361,09;0;18361,09208
MOEX,MDMG:TQBR;60;20210203;150000;467,5;;;;;;470,025;0,307186811;0;;0,571428571;36,36363636;30;70;;18361,09;0;18361,09208
MOEX,MDMG:TQBR;60;20210203;160000;469,4;;;;;;469,86875;0,307186811;0;;0,619047619;38,23529412;30;70;;18361,09;0;18361,09208
MOEX,MDMG:TQBR;60;20210203;170000;469;;;;;;469,46875;0,307186811;0;;0,694656489;40,99099099;30;70;;18361,09;0;18361,09208
MOEX,MDMG:TQBR;60;20210203;180000;468,05;;;;;;469,1;0,307186811;0;;1,011111111;50,27624309;30;70;;18361,09;0;18361,09208
MOEX,MDMG:TQBR;60;20210203;190000;468,35;;;;;;469,14375;0,307186811;0;;0,511111111;33,82352941;30;70;;18361,09;0;18361,09208
MOEX,MDMG:TQBR;60;20210204;110000;466,3;;;;;;468,6125;0,307186811;0;;0,335877863;25,14285714;30;70;;18361,09;0;18361,09208
MOEX,MDMG:TQBR;60;20210204;120000;465,1;;;;;;467,91875;0,307186811;0;;0,325925926;24,58100559;30;70;;18361,09;0;18361,09208
MOEX,MDMG:TQBR;60;20210204;130000;467,8;;;;;;467,6875;0;143,7019904;;1,065217391;51,57894737;30;70;;0,00;39,2498762;18361,09208
MOEX,MDMG:TQBR;60;20210204;140000;467,7;;;;;;467,7125;0,307252492;0;;0,638297872;38,96103896;30;70;;0,00;39,2498762;18357,1671
MOEX,MDMG:TQBR;60;20210204;150000;466,05;;;;;;467,29375;0,307252492;0;;0,504201681;33,51955307;30;70;;0,00;39,2498762;18292,4048
MOEX,MDMG:TQBR;60;20210204;160000;467,85;;;;;;467,15;0;143,7480783;;0,96;48,97959184;30;70;;0,00;39,2498762;18363,05458
MOEX,MDMG:TQBR;60;20210204;170000;466,55;;;;;;466,9625;0,308108623;0;;0,714285714;41,66666667;30;70;;0,00;39,2498762;18312,02974
MOEX,MDMG:TQBR;60;20210204;180000;467,75;;;;;;466,8875;0;144,1178086;;1,341176471;57,28643216;30;70;;0,00;39,2498762;18359,12959
MOEX,MDMG:TQBR;60;20210204;190000;466,5;;;;;;466,9125;0,308934209;0;;1,325581395;57;30;70;;0,00;39,2498762;18310,06725
MOEX,MDMG:TQBR;60;20210205;110000;465,15;;;;;;466,91875;0,308934209;0;;0,530973451;34,68208092;30;70;;0,00;39,2498762;18257,07991
MOEX,MDMG:TQBR;60;20210205;120000;464,15;;;;;;466,4625;0,308934209;0;;0,458015267;31,41361257;30;70;;0,00;39,2498762;18217,83004
MOEX,MDMG:TQBR;60;20210205;130000;465,2;;;;;;466,15;0,308934209;0;;0,826530612;45,25139665;30;70;;0,00;39,2498762;18259,04241
MOEX,MDMG:TQBR;60;20210205;140000;465;;;;;;466,01875;0,308934209;0;;0,441176471;30,6122449;30;70;;0,00;39,2498762;18251,19243
MOEX,MDMG:TQBR;60;20210205;150000;465;;;;;;465,6625;0,308934209;0;;0,592105263;37,19008264;30;70;;0,00;39,2498762;18251,19243
MOEX,MDMG:TQBR;60;20210205;160000;463,75;;;;;;465,3125;0,308934209;0;;0,207920792;17,21311475;30;70;;0,00;39,2498762;18202,13009
MOEX,MDMG:TQBR;60;20210205;170000;464,35;;;;;;464,8875;0,308934209;0;;0,434210526;30,27522936;30;70;;0,00;39,2498762;18225,68001
MOEX,MDMG:TQBR;60;20210205;180000;463,15;;;;;;464,46875;0,308934209;0;;0,452054795;31,13207547;30;70;;0,00;39,2498762;18178,58016
MOEX,MDMG:TQBR;60;20210205;190000;463;;;;;;464,2;0,308934209;0;;0,589285714;37,07865169;30;70;;0,00;39,2498762;18172,69268
MOEX,MDMG:TQBR;60;20210208;110000;472,9;;;;;;465,29375;0;146,0949876;;3,75;78,94736842;30;70;;0,00;39,2498762;18561,26645
MOEX,MDMG:TQBR;60;20210208;120000;473,6;;;;;;466,34375;0;146,0949876;;4,307692308;81,15942029;30;70;;0,00;39,2498762;18588,74137
MOEX,MDMG:TQBR;60;20210208;130000;476,6;;;;;;467,79375;0;146,0949876;;5,461538462;84,52380952;30;70;;0,00;39,2498762;18706,491
MOEX,MDMG:TQBR;60;20210208;140000;478,25;;;;;;469,45;0;146,0949876;;11,74074074;92,15116279;30;70;;0,00;39,2498762;18771,25329
MOEX,MDMG:TQBR;60;20210208;150000;478,85;;;;;;471,3375;0;146,0949876;;11,74074074;92,15116279;30;70;;0,00;39,2498762;18794,80322
MOEX,MDMG:TQBR;60;20210208;160000;481,55;;;;;;473,4875;0;146,0949876;;123,6666667;99,19786096;30;70;;0,00;39,2498762;18900,77788
MOEX,MDMG:TQBR;60;20210208;170000;481,05;;;;;;475,725;0;146,0949876;;37,1;97,37532808;30;70;;0,00;39,2498762;18881,15294
MOEX,MDMG:TQBR;60;20210208;180000;481,45;;;;;;478,03125;0;146,0949876;;18,1;94,76439791;30;70;;0,00;39,2498762;18896,8529
MOEX,MDMG:TQBR;60;20210208;190000;486,1;;;;;;479,68125;0;146,0949876;;26;96,2962963;30;70;;0,00;39,2498762;19079,36482
MOEX,MDMG:TQBR;60;20210209;110000;484,7;;;;;;481,06875;0;146,0949876;;5,263157895;84,03361345;30;70;;0,00;39,2498762;19024,41499
MOEX,MDMG:TQBR;60;20210209;120000;488,7;;;;;;482,58125;0;146,0949876;;6,5;86,66666667;30;70;;0,00;39,2498762;19181,4145
MOEX,MDMG:TQBR;60;20210209;130000;495;;;;;;484,675;0;146,0949876;;9,5;90,47619048;30;70;;0,00;39,2498762;19428,68872
MOEX,MDMG:TQBR;60;20210209;140000;491,85;;;;;;486,3;0;146,0949876;;3,03960396;75,24509804;30;70;;0,00;39,2498762;19305,05161
MOEX,MDMG:TQBR;60;20210209;150000;493,9;;;;;;487,84375;0;146,0949876;;3,824175824;79,27107062;30;70;;0,00;39,2498762;19385,51385
MOEX,MDMG:TQBR;60;20210209;160000;492,2;;;;;;489,2375;0;146,0949876;;2,72;73,11827957;30;70;;0,00;39,2498762;19318,78906
MOEX,MDMG:TQBR;60;20210209;170000;499,85;;;;;;491,5375;0;146,0949876;;3,2;76,19047619;30;70;;0,00;39,2498762;19619,05062
MOEX,MDMG:TQBR;60;20210209;180000;499,95;;;;;;493,26875;0;146,0949876;;4,144329897;80,56112224;30;70;;0,00;39,2498762;19622,9756
MOEX,MDMG:TQBR;60;20210209;190000;499,95;;;;;;495,175;0;146,0949876;;3,319587629;76,849642;30;70;;0,00;39,2498762;19622,9756
MOEX,MDMG:TQBR;60;20210210;110000;491,2;;;;;;495,4875;0,297424649;0;;0,720588235;41,88034188;30;70;;19279,54;0;19279,53919
MOEX,MDMG:TQBR;60;20210210;120000;498,15;;;;;;495,88125;0;148,1620889;;1,602870813;61,58088235;30;70;;19279,54;0;19279,53919
MOEX,MDMG:TQBR;60;20210210;130000;497,5;;;;;;496,5875;0;148,1620889;;1,324324324;56,97674419;30;70;;19279,54;0;19279,53919
MOEX,MDMG:TQBR;60;20210210;140000;498,4;;;;;;497,15;0;148,1620889;;1,659574468;62,4;30;70;;19279,54;0;19279,53919
MOEX,MDMG:TQBR;60;20210210;150000;498,35;;;;;;497,91875;0;148,1620889;;0,841269841;45,68965517;30;70;;19279,54;0;19279,53919
MOEX,MDMG:TQBR;60;20210210;160000;496,75;;;;;;497,53125;0,298262887;0;;0,71040724;41,53439153;30;70;;19279,54;0;19279,53919
MOEX,MDMG:TQBR;60;20210210;170000;497,85;;;;;;497,26875;0;148,4901781;;0,809954751;44,75;30;70;;19279,54;0;19279,53919
MOEX,MDMG:TQBR;60;20210210;180000;495,95;;;;;;496,76875;0,299405541;0;;2,130952381;68,0608365;30;70;;19279,54;0;19279,53919
MOEX,MDMG:TQBR;60;20210210;190000;498,1;;;;;;497,63125;0;149,1339;;0,988095238;49,7005988;30;70;;19279,54;0;19279,53919
MOEX,MDMG:TQBR;60;20210211;110000;489;;;;;;496,4875;0,304977301;0;;0,328063241;24,70238095;30;70;;19279,54;0;19279,53919
MOEX,MDMG:TQBR;60;20210211;120000;493,8;;;;;;496,025;0,304977301;0;;0,636363636;38,88888889;30;70;;0,00;39,04321423;19279,53919
MOEX,MDMG:TQBR;60;20210211;130000;496,25;;;;;;495,75625;0;151,3449854;;0,833333333;45,45454545;30;70;;0,00;39,04321423;19375,19506
MOEX,MDMG:TQBR;60;20210211;140000;497,85;;;;;;495,69375;0;151,3449854;;1,1;52,38095238;30;70;;0,00;39,04321423;19437,66421
MOEX,MDMG:TQBR;60;20210211;150000;497,95;;;;;;495,84375;0;151,3449854;;1,009090909;50,22624434;30;70;;0,00;39,04321423;19441,56853
MOEX,MDMG:TQBR;60;20210211;160000;497,15;;;;;;495,75625;0;151,3449854;;1,121212121;52,85714286;30;70;;0,00;39,04321423;19410,33396
MOEX,MDMG:TQBR;60;20210211;170000;496;;;;;;495,7625;0;151,3449854;;0,809954751;44,75;30;70;;0,00;39,04321423;19365,43426
MOEX,MDMG:TQBR;60;20210211;180000;495,35;;;;;;495,41875;0,305531413;0;;3,442307692;77,48917749;30;70;;0,00;39,04321423;19340,05617
MOEX,MDMG:TQBR;60;20210211;190000;497;;;;;;496,41875;0;151,8491122;;2,230769231;69,04761905;30;70;;19404,48;0;19404,47747
MOEX,MDMG:TQBR;60;20210212;110000;493,75;;;;;;496,4125;0,307542506;0;;0,572649573;36,41304348;30;70;;19404,48;0;19404,47747
MOEX,MDMG:TQBR;60;20210212;120000;494,9;;;;;;496,24375;0,307542506;0;;0,495726496;33,14285714;30;70;;19404,48;0;19404,47747
MOEX,MDMG:TQBR;60;20210212;130000;498,35;;;;;;496,30625;0;153,2638078;;1,068376068;51,65289256;30;70;;19404,48;0;19404,47747
MOEX,MDMG:TQBR;60;20210212;140000;497,6;;;;;;496,2625;0;153,2638078;;1,077586207;51,86721992;30;70;;19404,48;0;19404,47747
MOEX,MDMG:TQBR;60;20210212;150000;497;;;;;;496,24375;0;153,2638078;;1,19047619;54,34782609;30;70;;19404,48;0;19404,47747
MOEX,MDMG:TQBR;60;20210212;160000;497,3;;;;;;496,40625;0;153,2638078;;1,423913043;58,74439462;30;70;;19404,48;0;19404,47747
MOEX,MDMG:TQBR;60;20210212;170000;497,4;;;;;;496,6625;0;153,2638078;;1,086956522;52,08333333;30;70;;19404,48;0;19404,47747
MOEX,MDMG:TQBR;60;20210212;180000;496,5;;;;;;496,6;0,308688435;0;;2,222222222;68,96551724;30;70;;19404,48;0;19404,47747
MOEX,MDMG:TQBR;60;20210212;190000;492,35;;;;;;496,425;0,308688435;0;;0,6015625;37,56097561;30;70;;19404,48;0;19404,47747
MOEX,MDMG:TQBR;60;20210215;110000;495,35;;;;;;496,48125;0,308688435;0;;0,53125;34,69387755;30;70;;19404,48;0;19404,47747
MOEX,MDMG:TQBR;60;20210215;120000;493,3;;;;;;495,85;0,308688435;0;;0,441558442;30,63063063;30;70;;19404,48;0;19404,47747
MOEX,MDMG:TQBR;60;20210215;130000;491,8;;;;;;495,125;0,308688435;0;;0,395348837;28,33333333;30;70;;19404,48;0;19404,47747
MOEX,MDMG:TQBR;60;20210215;140000;493,35;;;;;;494,66875;0,308688435;0;;0,540697674;35,09433962;30;70;;0,00;39,3320715;19404,47747
MOEX,MDMG:TQBR;60;20210215;150000;492,75;;;;;;494,1;0,308688435;0;;0,494565217;33,09090909;30;70;;0,00;39,3320715;19380,87823
MOEX,MDMG:TQBR;60;20210215;160000;492,8;;;;;;493,525;0,308688435;0;;0,554216867;35,65891473;30;70;;0,00;39,3320715;19382,84483
MOEX,MDMG:TQBR;60;20210215;170000;491,55;;;;;;492,90625;0,308688435;0;;0,851851852;46;30;70;;0,00;39,3320715;19333,67974
MOEX,MDMG:TQBR;60;20210215;180000;491,4;;;;;;492,7875;0,308688435;0;;0,288288288;22,37762238;30;70;;0,00;39,3320715;19327,77993
MOEX,MDMG:TQBR;60;20210215;190000;492,2;;;;;;492,39375;0,308688435;0;;0,685714286;40,6779661;30;70;;0,00;39,3320715;19359,24559
MOEX,MDMG:TQBR;60;20210216;110000;492,85;;;;;;492,3375;0;152,137095;;1,525;60,3960396;30;70;;0,00;39,3320715;19384,81144
MOEX,MDMG:TQBR;60;20210216;120000;493,15;;;;;;492,50625;0;152,137095;;0,9;47,36842105;30;70;;0,00;39,3320715;19396,61106
MOEX,MDMG:TQBR;60;20210216;130000;493,25;;;;;;492,49375;0;152,137095;;1,357142857;57,57575758;30;70;;0,00;39,3320715;19400,54427
MOEX,MDMG:TQBR;60;20210216;140000;492,8;;;;;;492,5;0;152,137095;;1;50;30;70;;0,00;39,3320715;19382,84483
MOEX,MDMG:TQBR;60;20210216;150000;491,55;;;;;;492,34375;0,309504821;0;;1;50;30;70;;0,00;39,3320715;19333,67974
MOEX,MDMG:TQBR;60;20210216;160000;492,55;;;;;;492,46875;0;152,4465998;;1,676470588;62,63736264;30;70;;0,00;39,3320715;19373,01182
MOEX,MDMG:TQBR;60;20210216;170000;493,55;;;;;;492,7375;0;152,4465998;;1,794117647;64,21052632;30;70;;0,00;39,3320715;19412,34389
MOEX,MDMG:TQBR;60;20210216;180000;495,9;;;;;;493,2;0;152,4465998;;2,794117647;73,64341085;30;70;;0,00;39,3320715;19504,77426
MOEX,MDMG:TQBR;60;20210216;190000;495,1;;;;;;493,48125;0;152,4465998;;1,78;64,02877698;30;70;;19473,31;0;19473,3086
MOEX,MDMG:TQBR;60;20210217;110000;494,85;;;;;;493,69375;0;152,4465998;;1,581818182;61,26760563;30;70;;19473,31;0;19473,3086
MOEX,MDMG:TQBR;60;20210217;120000;494;;;;;;493,7875;0;152,4465998;;1,380952381;58;30;70;;19473,31;0;19473,3086
MOEX,MDMG:TQBR;60;20210217;130000;493,6;;;;;;493,8875;0,308846434;0;;1,891304348;65,41353383;30;70;;19473,31;0;19473,3086
MOEX,MDMG:TQBR;60;20210217;140000;497,25;;;;;;494,6;0;153,5738893;;3,043478261;75,2688172;30;70;;19473,31;0;19473,3086
MOEX,MDMG:TQBR;60;20210217;150000;500,05;;;;;;495,5375;0;153,5738893;;3,826086957;79,27927928;30;70;;19473,31;0;19473,3086
MOEX,MDMG:TQBR;60;20210217;160000;502,4;;;;;;496,64375;0;153,5738893;;3,826086957;79,27927928;30;70;;19473,31;0;19473,3086
MOEX,MDMG:TQBR;60;20210217;170000;504,8;;;;;;497,75625;0;153,5738893;;7,466666667;88,18897638;30;70;;19473,31;0;19473,3086
MOEX,MDMG:TQBR;60;20210217;180000;504,25;;;;;;498,9;0;153,5738893;;6,222222222;86,15384615;30;70;;19473,31;0;19473,3086
MOEX,MDMG:TQBR;60;20210217;190000;502;;;;;;499,79375;0;153,5738893;;3,5;77,77777778;30;70;;19473,31;0;19473,3086
MOEX,MDMG:TQBR;60;20210218;110000;500,6;;;;;;500,61875;0,306779643;0;;2,666666667;72,72727273;30;70;;19473,31;0;19473,3086
MOEX,MDMG:TQBR;60;20210218;120000;502,85;;;;;;501,775;0;154,2641435;;2,333333333;70;30;70;;19473,31;0;19473,3086
MOEX,MDMG:TQBR;60;20210218;130000;503,7;;;;;;502,58125;0;154,2641435;;1,869047619;65,14522822;30;70;;19473,31;0;19473,3086
MOEX,MDMG:TQBR;60;20210218;140000;505,65;;;;;;503,28125;0;154,2641435;;1,773809524;63,94849785;30;70;;19473,31;0;19473,3086
MOEX,MDMG:TQBR;60;20210218;150000;504,5;;;;;;503,54375;0;154,2641435;;0,943925234;48,55769231;30;70;;19473,31;0;19473,3086
MOEX,MDMG:TQBR;60;20210218;160000;505,9;;;;;;503,68125;0;154,2641435;;1,34375;57,33333333;30;70;;19473,31;0;19473,3086
MOEX,MDMG:TQBR;60;20210218;170000;509,65;;;;;;504,35625;0;154,2641435;;4;80;30;70;;19473,31;0;19473,3086
MOEX,MDMG:TQBR;60;20210218;180000;510;;;;;;505,35625;0;154,2641435;;9,173913043;90,17094017;30;70;;19473,31;0;19473,3086
MOEX,MDMG:TQBR;60;20210218;190000;507;;;;;;506,15625;0;154,2641435;;2;66,66666667;30;70;;19473,31;0;19473,3086
MOEX,MDMG:TQBR;60;20210219;110000;510,6;;;;;;507,125;0;154,2641435;;2,662650602;72,69736842;30;70;;19473,31;0;19473,3086
MOEX,MDMG:TQBR;60;20210219;120000;510,25;;;;;;507,94375;0;154,2641435;;2,022222222;66,91176471;30;70;;19473,31;0;19473,3086
MOEX,MDMG:TQBR;60;20210219;130000;512,95;;;;;;508,85625;0;154,2641435;;3,52238806;77,88778878;30;70;;19473,31;0;19473,3086
MOEX,MDMG:TQBR;60;20210219;140000;512,7;;;;;;509,88125;0;154,2641435;;2,888888889;74,28571429;30;70;;19473,31;0;19473,3086
MOEX,MDMG:TQBR;60;20210219;150000;509,35;;;;;;510,3125;0,302864717;0;;0,956834532;48,89705882;30;70;;19473,31;0;19473,3086
MOEX,MDMG:TQBR;60;20210219;160000;508,95;;;;;;510,225;0,302864717;0;;0,857142857;46,15384615;30;70;;19473,31;0;19473,3086
MOEX,MDMG:TQBR;60;20210219;170000;507;;;;;;509,85;0,302864717;0;;1;50;30;70;;19473,31;0;19473,3086
MOEX,MDMG:TQBR;60;20210219;180000;506;;;;;;509,725;0,302864717;0;;0,369863014;27;30;70;;19473,31;0;19473,3086
MOEX,MDMG:TQBR;60;20210219;190000;510;;;;;;509,65;0;154,4610055;;0,964028777;49,08424908;30;70;;0,00;38,18295804;19473,3086
MOEX,MDMG:TQBR;60;20210220;110000;511;;;;;;509,74375;0;154,4610055;;0,71942446;41,84100418;30;70;;0,00;38,18295804;19511,49156
MOEX,MDMG:TQBR;60;20210220;120000;524,9;;;;;;511,2375;0;154,4610055;;2,820895522;73,828125;30;70;;0,00;38,18295804;20042,23467
MOEX,MDMG:TQBR;60;20210220;130000;529;;;;;;513,275;0;154,4610055;;6,865671642;87,28652751;30;70;;0,00;38,18295804;20198,7848
MOEX,MDMG:TQBR;60;20210220;140000;531;;;;;;515,98125;0;154,4610055;;8,474576271;89,44543828;30;70;;0,00;38,18295804;20275,15072
MOEX,MDMG:TQBR;60;20210220;150000;537;;;;;;519,4875;0;154,4610055;;31;96,875;30;70;;0,00;38,18295804;20504,24847
MOEX,MDMG:TQBR;60;20210220;160000;541,6;;;;;;523,8125;0;154,4610055;;;;30;70;;20679,89;0;20679,89007
MOEX,MDMG:TQBR;60;20210220;170000;540;;;;;;528,0625;0;154,4610055;;19,75;95,18072289;30;70;;0,00;38,29609273;20679,89007
MOEX,MDMG:TQBR;60;20210220;180000;542,6;;;;;;532,1375;0;154,4610055;;20,75;95,40229885;30;70;;0,00;38,29609273;20779,45991
MOEX,MDMG:TQBR;60;20210220;190000;537,05;;;;;;535,39375;0;154,4610055;;2,699300699;72,96786389;30;70;;0,00;38,29609273;20566,9166
MOEX,MDMG:TQBR;60;20210222;110000;559;;;;;;539,65625;0;154,4610055;;5,195804196;83,86004515;30;70;;0,00;38,29609273;21407,51583
MOEX,MDMG:TQBR;60;20210222;120000;553,7;;;;;;542,74375;0;154,4610055;;2,823293173;73,84453782;30;70;;0,00;38,29609273;21204,54654
MOEX,MDMG:TQBR;60;20210222;130000;560;;;;;;546,36875;0;154,4610055;;2,847389558;74,00835073;30;70;;0,00;38,29609273;21445,81193
MOEX,MDMG:TQBR;60;20210222;140000;559,65;;;;;;549,2;0;154,4610055;;2,41015625;70,67583047;30;70;;0,00;38,29609273;21432,40829
MOEX,MDMG:TQBR;60;20210222;150000;555,55;;;;;;550,94375;0;154,4610055;;2,016339869;66,84723727;30;70;;21275,39;0;21275,39431
MOEX,MDMG:TQBR;60;20210222;160000;558;;;;;;553,19375;0;154,4610055;;2,006535948;66,73913043;30;70;;21275,39;0;21275,39431
MOEX,MDMG:TQBR;60;20210222;170000;559,8;;;;;;555,34375;0;154,4610055;;3,333333333;76,92307692;30;70;;21275,39;0;21275,39431
MOEX,MDMG:TQBR;60;20210222;180000;556,85;;;;;;557,81875;0,277383506;0;;0,830708661;45,37634409;30;70;;21275,39;0;21275,39431
MOEX,MDMG:TQBR;60;20210222;190000;543,95;;;;;;555,9375;0,277383506;0;;0,519704433;34,19773096;30;70;;21275,39;0;21275,39431
MOEX,MDMG:TQBR;60;20210224;110000;548;;;;;;555,225;0,277383506;0;;0,408866995;29,02097902;30;70;;21275,39;0;21275,39431
MOEX,MDMG:TQBR;60;20210224;120000;537,05;;;;;;552,35625;0,277383506;0;;0,268608414;21,17346939;30;70;;21275,39;0;21275,39431
MOEX,MDMG:TQBR;60;20210224;130000;526,95;;;;;;548,26875;0,277383506;0;;0,224932249;18,36283186;30;70;;21275,39;0;21275,39431
MOEX,MDMG:TQBR;60;20210224;140000;529,05;;;;;;544,95625;0,277383506;0;;0,215447154;17,72575251;30;70;;21275,39;0;21275,39431
MOEX,MDMG:TQBR;60;20210224;150000;528,7;;;;;;541,29375;0,277383506;0;;0,165100671;14,17050691;30;70;;21275,39;0;21275,39431
MOEX,MDMG:TQBR;60;20210224;160000;527,45;;;;;;537,25;0,277383506;0;;0,172995781;14,74820144;30;70;;21275,39;0;21275,39431
MOEX,MDMG:TQBR;60;20210224;170000;518,1;;;;;;532,40625;0,277383506;0;;0,1921875;16,12057667;30;70;;21275,39;0;21275,39431
MOEX,MDMG:TQBR;60;20210224;180000;514,4;;;;;;528,7125;0,277383506;0;;0,058823529;5,555555556;30;70;;21275,39;0;21275,39431
MOEX,MDMG:TQBR;60;20210224;190000;518,5;;;;;;525,025;0,277383506;0;;0,250505051;20,03231018;30;70;;21275,39;0;21275,39431
MOEX,MDMG:TQBR;60;20210225;110000;522,3;;;;;;523,18125;0,277383506;0;;0,682593857;40,56795132;30;70;;0,00;40,73405;21275,39431
MOEX,MDMG:TQBR;60;20210225;120000;517,4;;;;;;521,9875;0,277383506;0;;0,404092072;28,77959927;30;70;;0,00;40,73405;21075,79747
MOEX,MDMG:TQBR;60;20210225;130000;519,5;;;;;;520,79375;0,277383506;0;;0,520833333;34,24657534;30;70;;0,00;40,73405;21161,33897
MOEX,MDMG:TQBR;60;20210225;140000;519;;;;;;519,58125;0,277383506;0;;0,54200542;35,14938489;30;70;;0,00;40,73405;21140,97195
MOEX,MDMG:TQBR;60;20210225;150000;518,35;;;;;;518,44375;0,277383506;0;;1,025641026;50,63291139;30;70;;0,00;40,73405;21114,49482
MOEX,MDMG:TQBR;60;20210225;160000;516,1;;;;;;518,19375;0,277383506;0;;1,204819277;54,64480874;30;70;;0,00;40,73405;21022,8432
MOEX,MDMG:TQBR;60;20210225;170000;514,3;;;;;;518,18125;0,277383506;0;;0,584158416;36,875;30;70;;0,00;40,73405;20949,52191
MOEX,MDMG:TQBR;60;20210225;180000;513,45;;;;;;517,55;0,277383506;0;;0,191780822;16,09195402;30;70;;0,00;40,73405;20914,89797
MOEX,MDMG:TQBR;60;20210225;190000;510;;;;;;516,0125;0,277383506;0;;0,221052632;18,10344828;30;70;;0,00;40,73405;20774,3655
MOEX,MDMG:TQBR;60;20210226;110000;499,25;;;;;;513,74375;0,277383506;0;;0;0;30;70;;0,00;40,73405;20336,47446
MOEX,MDMG:TQBR;60;20210226;120000;508,95;;;;;;512,425;0,277383506;0;;0,491139241;32,93718166;30;70;;0,00;40,73405;20731,59475
MOEX,MDMG:TQBR;60;20210226;130000;507,05;;;;;;510,93125;0,277383506;0;;0,461904762;31,59609121;30;70;;0,00;40,73405;20654,20005
MOEX,MDMG:TQBR;60;20210226;140000;510,6;;;;;;509,9625;0;141,6320184;;0,706666667;41,40625;30;70;;0,00;40,73405;20798,80593
MOEX,MDMG:TQBR;60;20210226;150000;512,55;;;;;;509,51875;0;141,6320184;;0,896755162;47,27838258;30;70;;0,00;40,73405;20878,23733
MOEX,MDMG:TQBR;60;20210226;160000;512,9;;;;;;509,34375;0;141,6320184;;0,965838509;49,13112164;30;70;;0,00;40,73405;20892,49424
MOEX,MDMG:TQBR;60;20210226;170000;512,9;;;;;;509,275;0;141,6320184;;1,229249012;55,14184397;30;70;;0,00;40,73405;20892,49424
MOEX,MDMG:TQBR;60;20210226;180000;511,4;;;;;;509,45;0;141,6320184;;4,573529412;82,05804749;30;70;;0,00;40,73405;20831,39317
MOEX,MDMG:TQBR;60;20210226;190000;502;;;;;;509,79375;0,282135495;0;;0,45703125;31,36729223;30;70;;20448,49;0;20448,4931
MOEX,MDMG:TQBR;60;20210301;110000;508,95;;;;;;509,79375;0,282135495;0;;1,174311927;54,00843882;30;70;;20448,49;0;20448,4931
MOEX,MDMG:TQBR;60;20210301;120000;507,95;;;;;;509,90625;0,282135495;0;;0,777310924;43,73522459;30;70;;20448,49;0;20448,4931
MOEX,MDMG:TQBR;60;20210301;130000;507;;;;;;509,45625;0,282135495;0;;0,568093385;36,22828784;30;70;;20448,49;0;20448,4931
MOEX,MDMG:TQBR;60;20210301;140000;507,75;;;;;;508,85625;0,282135495;0;;0,59922179;37,46958637;30;70;;20448,49;0;20448,4931
MOEX,MDMG:TQBR;60;20210301;150000;507,9;;;;;;508,23125;0,282135495;0;;0,610894942;37,92270531;30;70;;20448,49;0;20448,4931
MOEX,MDMG:TQBR;60;20210301;160000;507,8;;;;;;507,59375;0;143,2684042;;0,68558952;40,67357513;30;70;;20448,49;0;20448,4931
MOEX,MDMG:TQBR;60;20210301;170000;509,25;;;;;;507,325;0;143,2684042;;4,536585366;81,93832599;30;70;;20448,49;0;20448,4931
MOEX,MDMG:TQBR;60;20210301;180000;508,05;;;;;;508,08125;0,281996662;0;;0,723076923;41,96428571;30;70;;20448,49;0;20448,4931
MOEX,MDMG:TQBR;60;20210301;190000;507;;;;;;507,8375;0,281996662;0;;0,712121212;41,59292035;30;70;;20448,49;0;20448,4931
MOEX,MDMG:TQBR;60;20210302;110000;503,35;;;;;;507,2625;0,281996662;0;;0,391666667;28,14371257;30;70;;20448,49;0;20448,4931
MOEX,MDMG:TQBR;60;20210302;120000;510,95;;;;;;507,75625;0;144,0861946;;1,533333333;60,52631579;30;70;;0,00;40,02053645;20448,4931
MOEX,MDMG:TQBR;60;20210302;130000;513,1;;;;;;508,425;0;144,0861946;;1,866666667;65,11627907;30;70;;0,00;40,02053645;20534,53725
MOEX,MDMG:TQBR;60;20210302;140000;515,35;;;;;;509,35625;0;144,0861946;;2,279661017;69,50904393;30;70;;0,00;40,02053645;20624,58346
MOEX,MDMG:TQBR;60;20210302;150000;512,7;;;;;;509,96875;0;144,0861946;;1,403508772;58,39416058;30;70;;0,00;40,02053645;20518,52904
MOEX,MDMG:TQBR;60;20210302;160000;511,75;;;;;;510,28125;0;144,0861946;;1,445783133;59,11330049;30;70;;0,00;40,02053645;20480,50953
MOEX,MDMG:TQBR;60;20210302;170000;512,2;;;;;;510,8;0;144,0861946;;1,717241379;63,19796954;30;70;;0,00;40,02053645;20498,51877
MOEX,MDMG:TQBR;60;20210302;180000;511,75;;;;;;511,39375;0;144,0861946;;3,074074074;75,45454545;30;70;;0,00;40,02053645;20480,50953
MOEX,MDMG:TQBR;60;20210302;190000;512,05;;;;;;512,48125;0,281390869;0;;1,271604938;55,97826087;30;70;;20492,52;0;20492,51569
MOEX,MDMG:TQBR;60;20210303;110000;512,5;;;;;;512,675;0,281390869;0;;0,851851852;46;30;70;;20492,52;0;20492,51569
MOEX,MDMG:TQBR;60;20210303;120000;514,55;;;;;;512,85625;0;144,7896717;;0,802469136;44,52054795;30;70;;20492,52;0;20492,51569
MOEX,MDMG:TQBR;60;20210303;130000;514,5;;;;;;512,75;0;144,7896717;;2,24137931;69,14893617;30;70;;20492,52;0;20492,51569
MOEX,MDMG:TQBR;60;20210303;140000;517,75;;;;;;513,38125;0;144,7896717;;13;92,85714286;30;70;;20492,52;0;20492,51569
MOEX,MDMG:TQBR;60;20210303;150000;516,8;;;;;;514,0125;0;144,7896717;;4,172413793;80,66666667;30;70;;20492,52;0;20492,51569
MOEX,MDMG:TQBR;60;20210303;160000;516,4;;;;;;514,5375;0;144,7896717;;4,321428571;81,20805369;30;70;;20492,52;0;20492,51569
MOEX,MDMG:TQBR;60;20210303;170000;517,35;;;;;;515,2375;0;144,7896717;;4,785714286;82,71604938;30;70;;20492,52;0;20492,51569
MOEX,MDMG:TQBR;60;20210303;180000;515;;;;;;515,60625;0,281144994;0;;1,666666667;62,5;30;70;;20492,52;0;20492,51569
MOEX,MDMG:TQBR;60;20210303;190000;513,1;;;;;;515,68125;0,281144994;0;;0,743362832;42,63959391;30;70;;20492,52;0;20492,51569
MOEX,MDMG:TQBR;60;20210304;110000;511,35;;;;;;515,28125;0,281144994;0;;0,571428571;36,36363636;30;70;;20492,52;0;20492,51569
MOEX,MDMG:TQBR;60;20210304;120000;521,8;;;;;;516,19375;0;146,7014577;;1,551020408;60,8;30;70;;20492,52;0;20492,51569
MOEX,MDMG:TQBR;60;20210304;130000;520,65;;;;;;516,55625;0;146,7014577;;1,509933775;60,15831135;30;70;;20492,52;0;20492,51569
MOEX,MDMG:TQBR;60;20210304;140000;520,95;;;;;;517,075;0;146,7014577;;1,636363636;62,06896552;30;70;;20492,52;0;20492,51569
MOEX,MDMG:TQBR;60;20210304;150000;519,2;;;;;;517,425;0;146,7014577;;1,207865169;54,70737913;30;70;;20492,52;0;20492,51569
MOEX,MDMG:TQBR;60;20210304;160000;520,7;;;;;;517,84375;0;146,7014577;;1,870229008;65,15957447;30;70;;20492,52;0;20492,51569
MOEX,MDMG:TQBR;60;20210304;170000;516,55;;;;;;518,0375;0,284002435;0;;1,392045455;58,19477435;30;70;;20492,52;0;20492,51569
MOEX,MDMG:TQBR;60;20210304;180000;519,3;;;;;;518,8125;0;147,4824644;;2,127659574;68,02721088;30;70;;20492,52;0;20492,51569
MOEX,MDMG:TQBR;60;20210304;190000;523;;;;;;520,26875;0;147,4824644;;1,170212766;53,92156863;30;70;;20492,52;0;20492,51569
MOEX,MDMG:TQBR;60;20210305;110000;525,75;;;;;;520,7625;0;147,4824644;;1,86440678;65,0887574;30;70;;20492,52;0;20492,51569
MOEX,MDMG:TQBR;60;20210305;120000;523,55;;;;;;521,125;0;147,4824644;;1,320987654;56,91489362;30;70;;20492,52;0;20492,51569
MOEX,MDMG:TQBR;60;20210305;130000;524,1;;;;;;521,51875;0;147,4824644;;1,771653543;63,92045455;30;70;;20492,52;0;20492,51569
MOEX,MDMG:TQBR;60;20210305;140000;522,45;;;;;;521,925;0;147,4824644;;1,21875;54,92957746;30;70;;20492,52;0;20492,51569
MOEX,MDMG:TQBR;60;20210305;150000;522,45;;;;;;522,14375;0;147,4824644;;2,532467532;71,69117647;30;70;;20492,52;0;20492,51569
MOEX,MDMG:TQBR;60;20210305;160000;521,1;;;;;;522,7125;0,283021425;0;;1,346153846;57,37704918;30;70;;20492,52;0;20492,51569
MOEX,MDMG:TQBR;60;20210305;170000;520,35;;;;;;522,84375;0,283021425;0;;0,554621849;35,67567568;30;70;;20492,52;0;20492,51569
MOEX,MDMG:TQBR;60;20210305;180000;514,6;;;;;;521,79375;0,283021425;0;;0,047008547;4,489795918;30;70;;20492,52;0;20492,51569
MOEX,MDMG:TQBR;60;20210305;190000;527,95;;;;;;522,06875;0;149,4211611;;1,463157895;59,4017094;30;70;;0,00;38,81525843;20492,51569
MOEX,MDMG:TQBR;60;20210309;110000;513,55;;;;;;520,81875;0,290957377;0;;0,558577406;35,83892617;30;70;;0,00;38,81525843;19933,57597
MOEX,MDMG:TQBR;60;20210309;120000;514;;;;;;519,55625;0,290957377;0;;0,620224719;38,28016644;30;70;;0,00;38,81525843;19951,04283
MOEX,MDMG:TQBR;60;20210309;130000;514,1;;;;;;518,5125;0,290957377;0;;0,624719101;38,45089903;30;70;;0,00;38,81525843;19954,92436
MOEX,MDMG:TQBR;60;20210309;140000;512,6;;;;;;517,28125;0,290957377;0;;0,620535714;38,29201102;30;70;;0,00;38,81525843;19896,70147
MOEX,MDMG:TQBR;60;20210309;150000;514,4;;;;;;516,44375;0,290957377;0;;0,72517321;42,03480589;30;70;;0,00;38,81525843;19966,56894
MOEX,MDMG:TQBR;60;20210309;160000;515,15;;;;;;515,79375;0,290957377;0;;1,034591195;50,85007728;30;70;;0,00;38,81525843;19995,68038
MOEX,MDMG:TQBR;60;20210309;170000;515,95;;;;;;515,9625;0,290957377;0;;0,245283019;19,6969697;30;70;;0,00;38,81525843;20026,73259
MOEX,MDMG:TQBR;60;20210309;180000;515,9;;;;;;514,45625;0;150,104911;;2,516129032;71,55963303;30;70;;0,00;38,81525843;20024,79183
MOEX,MDMG:TQBR;60;20210309;190000;524,95;;;;;;515,88125;0;150,104911;;8,064516129;88,96797153;30;70;;0,00;38,81525843;20376,06991
MOEX,MDMG:TQBR;60;20210310;110000;516,95;;;;;;516,25;0;150,104911;;1,298429319;56,49202733;30;70;;20065,55;0;20065,54785
MOEX,MDMG:TQBR;60;20210310;120000;520,9;;;;;;517,1;0;150,104911;;2,031055901;67,00819672;30;70;;20065,55;0;20065,54785
MOEX,MDMG:TQBR;60;20210310;130000;520,9;;;;;;518,1375;0;150,104911;;1,807453416;64,38053097;30;70;;20065,55;0;20065,54785
MOEX,MDMG:TQBR;60;20210310;140000;520,85;;;;;;518,94375;0;150,104911;;1,703703704;63,01369863;30;70;;20065,55;0;20065,54785
MOEX,MDMG:TQBR;60;20210310;150000;518,35;;;;;;519,34375;0,289582157;0;;1,226415094;55,08474576;30;70;;20065,55;0;20065,54785
MOEX,MDMG:TQBR;60;20210310;160000;520,25;;;;;;519,88125;0;150,6551171;;1,412322275;58,54616896;30;70;;20065,55;0;20065,54785
MOEX,MDMG:TQBR;60;20210310;170000;518,05;;;;;;520,15;0,290811924;0;;0,458823529;31,4516129;30;70;;20065,55;0;20065,54785
MOEX,MDMG:TQBR;60;20210310;180000;519,9;;;;;;519,51875;0;151,1931191;;1,621052632;61,84738956;30;70;;20065,55;0;20065,54785
MOEX,MDMG:TQBR;60;20210310;190000;520,4;;;;;;519,95;0;151,1931191;;0,894736842;47,22222222;30;70;;20065,55;0;20065,54785
