<TICKER>;<PER>;<DATE>;<TIME>;<CLOSE>
AFLT;60;20200918;110000;81,96
AFLT;60;20200918;120000;81,98
AFLT;60;20200918;130000;82
AFLT;60;20200918;140000;81,98
AFLT;60;20200918;150000;82
AFLT;60;20200918;160000;81,9
AFLT;60;20200918;170000;81,58
AFLT;60;20200918;180000;81,7
AFLT;60;20200918;190000;81,5
AFLT;60;20200918;200000;81,3
AFLT;60;20200918;210000;81,38
AFLT;60;20200918;220000;81,54
AFLT;60;20200918;230000;81,72
AFLT;60;20200919;0;81,78
AFLT;60;20200921;110000;80,06
AFLT;60;20200921;120000;80,1
AFLT;60;20200921;130000;80,4
AFLT;60;20200921;140000;80,2
AFLT;60;20200921;150000;80,2
AFLT;60;20200921;160000;80,2
AFLT;60;20200921;170000;79,56
AFLT;60;20200921;180000;78,5
AFLT;60;20200921;190000;79
AFLT;60;20200921;200000;79,22
AFLT;60;20200921;210000;78,94
AFLT;60;20200921;220000;79
AFLT;60;20200921;230000;79,04
AFLT;60;20200922;0;79,3
AFLT;60;20200922;110000;77,3
AFLT;60;20200922;120000;78,48
AFLT;60;20200922;130000;78,08
AFLT;60;20200922;140000;78,12
AFLT;60;20200922;150000;78,16
AFLT;60;20200922;160000;77,7
AFLT;60;20200922;170000;77,86
AFLT;60;20200922;180000;77,62
AFLT;60;20200922;190000;77,36
AFLT;60;20200922;200000;77,62
AFLT;60;20200922;210000;77,66
AFLT;60;20200922;220000;77,84
AFLT;60;20200922;230000;77,74
AFLT;60;20200923;0;77,8
AFLT;60;20200923;110000;77,28
AFLT;60;20200923;120000;77,16
AFLT;60;20200923;130000;77,28
AFLT;60;20200923;140000;77,5
AFLT;60;20200923;150000;77,14
AFLT;60;20200923;160000;77,58
AFLT;60;20200923;170000;77,68
AFLT;60;20200923;180000;77,56
AFLT;60;20200923;190000;77,42
AFLT;60;20200923;200000;77,36
AFLT;60;20200923;210000;77,46
AFLT;60;20200923;220000;77,26
AFLT;60;20200923;230000;77,2
AFLT;60;20200924;0;77,12
AFLT;60;20200924;110000;76,5
AFLT;60;20200924;120000;76,3
AFLT;60;20200924;130000;76,2
AFLT;60;20200924;140000;76,34
AFLT;60;20200924;150000;76,16
AFLT;60;20200924;160000;76,08
AFLT;60;20200924;170000;76,14
AFLT;60;20200924;180000;76,12
AFLT;60;20200924;190000;76,04
AFLT;60;20200924;200000;75,8
AFLT;60;20200924;210000;75,98
AFLT;60;20200924;220000;76,08
AFLT;60;20200924;230000;76,1
AFLT;60;20200925;0;75,7
AFLT;60;20200925;110000;75,94
AFLT;60;20200925;120000;76,28
AFLT;60;20200925;130000;75,62
AFLT;60;20200925;140000;74,88
AFLT;60;20200925;150000;74,44
AFLT;60;20200925;160000;73,64
AFLT;60;20200925;170000;73,48
AFLT;60;20200925;180000;74,12
AFLT;60;20200925;190000;74,14
AFLT;60;20200925;200000;74,4
AFLT;60;20200925;210000;74
AFLT;60;20200925;220000;74,04
AFLT;60;20200925;230000;74,04
AFLT;60;20200926;0;74,18
AFLT;60;20200928;110000;74,92
AFLT;60;20200928;120000;74,74
AFLT;60;20200928;130000;74,96
AFLT;60;20200928;140000;75,26
AFLT;60;20200928;150000;75,48
AFLT;60;20200928;160000;75,14
AFLT;60;20200928;170000;75,5
AFLT;60;20200928;180000;75,38
AFLT;60;20200928;190000;75,3
AFLT;60;20200928;200000;75,76
AFLT;60;20200928;210000;75,74
AFLT;60;20200928;220000;75,82
AFLT;60;20200928;230000;75,88
AFLT;60;20200929;0;75,78
AFLT;60;20200929;110000;74,44
AFLT;60;20200929;120000;74,56
AFLT;60;20200929;130000;74,82
AFLT;60;20200929;140000;74,98
AFLT;60;20200929;150000;75,02
AFLT;60;20200929;160000;74,36
AFLT;60;20200929;170000;74,24
AFLT;60;20200929;180000;74,24
AFLT;60;20200929;190000;74,2
AFLT;60;20200929;200000;74,08
AFLT;60;20200929;210000;74,76
AFLT;60;20200929;220000;74,78
AFLT;60;20200929;230000;74,42
AFLT;60;20200930;0;74,42
AFLT;60;20200930;110000;74,3
AFLT;60;20200930;120000;74,56
AFLT;60;20200930;130000;74,1
AFLT;60;20200930;140000;74,28
AFLT;60;20200930;150000;74,28
AFLT;60;20200930;160000;74,2
AFLT;60;20200930;170000;74,18
AFLT;60;20200930;180000;74,3
AFLT;60;20200930;190000;73,9
AFLT;60;20200930;200000;74,02
AFLT;60;20200930;210000;74,08
AFLT;60;20200930;220000;74,24
AFLT;60;20200930;230000;74,24
AFLT;60;20201001;0;74,12
AFLT;60;20201001;110000;73,9
AFLT;60;20201001;120000;73,66
AFLT;60;20201001;130000;73,56
AFLT;60;20201001;140000;73,46
AFLT;60;20201001;150000;73,6
AFLT;60;20201001;160000;73,52
AFLT;60;20201001;170000;71,66
AFLT;60;20201001;180000;71,26
AFLT;60;20201001;190000;70,5
AFLT;60;20201001;200000;71,18
AFLT;60;20201001;210000;71,14
AFLT;60;20201001;220000;71,58
AFLT;60;20201001;230000;71,26
AFLT;60;20201002;0;71,16
AFLT;60;20201002;110000;68,5
AFLT;60;20201002;120000;68,86
AFLT;60;20201002;130000;69,08
AFLT;60;20201002;140000;69
AFLT;60;20201002;150000;69,08
AFLT;60;20201002;160000;68,98
AFLT;60;20201002;170000;68,92
AFLT;60;20201002;180000;69,32
AFLT;60;20201002;190000;68,6
AFLT;60;20201002;200000;68,98
AFLT;60;20201002;210000;69,06
AFLT;60;20201002;220000;69,04
AFLT;60;20201002;230000;69
AFLT;60;20201003;0;69
AFLT;60;20201005;110000;66,76
AFLT;60;20201005;120000;66,5
AFLT;60;20201005;130000;66,24
AFLT;60;20201005;140000;65,88
AFLT;60;20201005;150000;66,18
AFLT;60;20201005;160000;65,9
AFLT;60;20201005;170000;65,66
AFLT;60;20201005;180000;65,74
AFLT;60;20201005;190000;65,3
AFLT;60;20201005;200000;65,46
AFLT;60;20201005;210000;65,48
AFLT;60;20201005;220000;65,46
AFLT;60;20201005;230000;65,64
AFLT;60;20201006;0;65,74
AFLT;60;20201006;110000;66,9
AFLT;60;20201006;120000;67,12
AFLT;60;20201006;130000;67,2
AFLT;60;20201006;140000;66,96
AFLT;60;20201006;150000;66,98
AFLT;60;20201006;160000;67,3
AFLT;60;20201006;170000;67,42
AFLT;60;20201006;180000;67,38
AFLT;60;20201006;190000;67,64
AFLT;60;20201006;200000;68,48
AFLT;60;20201006;210000;68,56
AFLT;60;20201006;220000;67,8
AFLT;60;20201006;230000;67,48
AFLT;60;20201007;0;67,56
AFLT;60;20201007;110000;66,76
AFLT;60;20201007;120000;66,8
AFLT;60;20201007;130000;66,34
AFLT;60;20201007;140000;65,74
AFLT;60;20201007;150000;65,76
AFLT;60;20201007;160000;65,62
AFLT;60;20201007;170000;65,22
AFLT;60;20201007;180000;65,72
AFLT;60;20201007;190000;65,34
AFLT;60;20201007;200000;65,74
AFLT;60;20201007;210000;65,96
AFLT;60;20201007;220000;65,76
AFLT;60;20201007;230000;65,64
AFLT;60;20201008;0;65,86
AFLT;60;20201008;110000;64
AFLT;60;20201008;120000;64,06
AFLT;60;20201008;130000;63,92
AFLT;60;20201008;140000;63,74
AFLT;60;20201008;150000;63,4
AFLT;60;20201008;160000;63,4
AFLT;60;20201008;170000;63,44
AFLT;60;20201008;180000;61,94
AFLT;60;20201008;190000;62,02
AFLT;60;20201008;200000;62,36
AFLT;60;20201008;210000;62,62
AFLT;60;20201008;220000;62,78
AFLT;60;20201008;230000;62,78
AFLT;60;20201009;0;62,72
AFLT;60;20201009;110000;59,52
AFLT;60;20201009;120000;59,7
AFLT;60;20201009;130000;59,52
AFLT;60;20201009;140000;59,7
AFLT;60;20201009;150000;59,86
AFLT;60;20201009;160000;59,86
AFLT;60;20201009;170000;60,14
AFLT;60;20201009;180000;60,1
AFLT;60;20201009;190000;60
AFLT;60;20201009;200000;60,08
AFLT;60;20201009;210000;60,08
AFLT;60;20201009;220000;60,08
AFLT;60;20201009;230000;59,94
AFLT;60;20201010;0;60,26
AFLT;60;20201012;110000;59,8
AFLT;60;20201012;120000;60,08
AFLT;60;20201012;130000;60,02
AFLT;60;20201012;140000;60,04
AFLT;60;20201012;150000;59,7
AFLT;60;20201012;160000;59,6
AFLT;60;20201012;170000;59,8
AFLT;60;20201012;180000;59,66
AFLT;60;20201012;190000;59,7
AFLT;60;20201012;200000;59,78
AFLT;60;20201012;210000;59,82
AFLT;60;20201012;220000;59,84
AFLT;60;20201012;230000;59,84
AFLT;60;20201013;0;59,66
AFLT;60;20201013;110000;59,18
AFLT;60;20201013;120000;58,42
AFLT;60;20201013;130000;58,34
AFLT;60;20201013;140000;58,42
AFLT;60;20201013;150000;58,42
AFLT;60;20201013;160000;58,38
AFLT;60;20201013;170000;57,98
AFLT;60;20201013;180000;58,04
AFLT;60;20201013;190000;58,2
AFLT;60;20201013;200000;58,1
AFLT;60;20201013;210000;58,1
AFLT;60;20201013;220000;58,02
AFLT;60;20201013;230000;58,08
AFLT;60;20201014;0;57,68
AFLT;60;20201014;110000;58,4
AFLT;60;20201014;120000;58,66
AFLT;60;20201014;130000;59,08
AFLT;60;20201014;140000;58,72
AFLT;60;20201014;150000;58,92
AFLT;60;20201014;160000;59,26
AFLT;60;20201014;170000;58,9
AFLT;60;20201014;180000;58,96
AFLT;60;20201014;190000;58,7
AFLT;60;20201014;200000;58,74
AFLT;60;20201014;210000;58,84
AFLT;60;20201014;220000;58,84
AFLT;60;20201014;230000;58,96
AFLT;60;20201015;0;59,06
AFLT;60;20201015;110000;58,7
AFLT;60;20201015;120000;58,2
AFLT;60;20201015;130000;57,98
AFLT;60;20201015;140000;57,94
AFLT;60;20201015;150000;57,82
AFLT;60;20201015;160000;57,86
AFLT;60;20201015;170000;57,36
AFLT;60;20201015;180000;57,58
AFLT;60;20201015;190000;57,66
AFLT;60;20201015;200000;57,92
AFLT;60;20201015;210000;58
AFLT;60;20201015;220000;58,14
AFLT;60;20201015;230000;58,06
AFLT;60;20201016;0;57,98
AFLT;60;20201016;110000;57,96
AFLT;60;20201016;120000;58,12
AFLT;60;20201016;130000;58,14
AFLT;60;20201016;140000;58,24
AFLT;60;20201016;150000;58,28
AFLT;60;20201016;160000;58,78
AFLT;60;20201016;170000;58,5
AFLT;60;20201016;180000;58,5
AFLT;60;20201016;190000;58,38
AFLT;60;20201016;200000;58,58
AFLT;60;20201016;210000;58,38
AFLT;60;20201016;220000;58,32
AFLT;60;20201016;230000;58,16
AFLT;60;20201017;0;58,2
AFLT;60;20201019;110000;58,52
AFLT;60;20201019;120000;58,52
AFLT;60;20201019;130000;58,5
AFLT;60;20201019;140000;58,64
AFLT;60;20201019;150000;58,5
AFLT;60;20201019;160000;58,6
AFLT;60;20201019;170000;58,54
AFLT;60;20201019;180000;58,5
AFLT;60;20201019;190000;58,5
AFLT;60;20201019;200000;58,54
AFLT;60;20201019;210000;58,62
AFLT;60;20201019;220000;58,5
AFLT;60;20201019;230000;58,46
AFLT;60;20201020;0;58,56
AFLT;60;20201020;110000;58,14
AFLT;60;20201020;120000;58,3
AFLT;60;20201020;130000;58,48
AFLT;60;20201020;140000;58,32
AFLT;60;20201020;150000;58,12
AFLT;60;20201020;160000;58,08
AFLT;60;20201020;170000;58
AFLT;60;20201020;180000;58,08
AFLT;60;20201020;190000;58,02
AFLT;60;20201020;200000;58,26
AFLT;60;20201020;210000;58,44
AFLT;60;20201020;220000;58,38
AFLT;60;20201020;230000;58,4
AFLT;60;20201021;0;58,4
AFLT;60;20201021;110000;58,5
AFLT;60;20201021;120000;58,08
AFLT;60;20201021;130000;58,28
AFLT;60;20201021;140000;58,46
AFLT;60;20201021;150000;58,4
AFLT;60;20201021;160000;58,44
AFLT;60;20201021;170000;58,44
AFLT;60;20201021;180000;58,42
AFLT;60;20201021;190000;58,44
AFLT;60;20201021;200000;58,36
AFLT;60;20201021;210000;58,28
AFLT;60;20201021;220000;58,38
AFLT;60;20201021;230000;58,26
AFLT;60;20201022;0;58,42
AFLT;60;20201022;110000;58,36
AFLT;60;20201022;120000;58,5
AFLT;60;20201022;130000;58,66
AFLT;60;20201022;140000;59,3
AFLT;60;20201022;150000;59,04
AFLT;60;20201022;160000;59,26
AFLT;60;20201022;170000;59,36
AFLT;60;20201022;180000;59,22
AFLT;60;20201022;190000;59,24
AFLT;60;20201022;200000;59,38
AFLT;60;20201022;210000;59,38
AFLT;60;20201022;220000;59,58
AFLT;60;20201022;230000;59,58
AFLT;60;20201023;0;59,6
AFLT;60;20201023;110000;59,78
AFLT;60;20201023;120000;59,6
AFLT;60;20201023;130000;59,84
AFLT;60;20201023;140000;59,82
AFLT;60;20201023;150000;59,84
AFLT;60;20201023;160000;59,74
AFLT;60;20201023;170000;59,62
AFLT;60;20201023;180000;59,64
AFLT;60;20201023;190000;59,7
AFLT;60;20201023;200000;59,68
AFLT;60;20201023;210000;59,72
AFLT;60;20201023;220000;59,8
AFLT;60;20201023;230000;59,84
AFLT;60;20201024;0;59,82
AFLT;60;20201026;110000;59,3
AFLT;60;20201026;120000;59,2
AFLT;60;20201026;130000;59,38
AFLT;60;20201026;140000;59,38
AFLT;60;20201026;150000;59,36
AFLT;60;20201026;160000;59,46
AFLT;60;20201026;170000;59,06
AFLT;60;20201026;180000;58,58
AFLT;60;20201026;190000;58,28
AFLT;60;20201026;200000;58,26
AFLT;60;20201026;210000;58,24
AFLT;60;20201026;220000;58,3
AFLT;60;20201026;230000;58,4
AFLT;60;20201027;0;58,44
AFLT;60;20201027;110000;58,44
AFLT;60;20201027;120000;57,46
AFLT;60;20201027;130000;57,5
AFLT;60;20201027;140000;57,82
AFLT;60;20201027;150000;57,74
AFLT;60;20201027;160000;57,76
AFLT;60;20201027;170000;57,7
AFLT;60;20201027;180000;57,5
AFLT;60;20201027;190000;57,78
AFLT;60;20201027;200000;57,72
AFLT;60;20201027;210000;57,7
AFLT;60;20201027;220000;57,58
AFLT;60;20201027;230000;57,7
AFLT;60;20201028;0;57,58
AFLT;60;20201028;110000;56,9
AFLT;60;20201028;120000;56,5
AFLT;60;20201028;130000;56,14
AFLT;60;20201028;140000;56,14
AFLT;60;20201028;150000;55,98
AFLT;60;20201028;160000;55,42
AFLT;60;20201028;170000;55,36
AFLT;60;20201028;180000;55,1
AFLT;60;20201028;190000;55,3
AFLT;60;20201028;200000;55,26
AFLT;60;20201028;210000;55,34
AFLT;60;20201028;220000;55,54
AFLT;60;20201028;230000;55,42
AFLT;60;20201029;0;55,08
AFLT;60;20201029;110000;55,42
AFLT;60;20201029;120000;54,66
AFLT;60;20201029;130000;54,98
AFLT;60;20201029;140000;55,32
AFLT;60;20201029;150000;55,2
AFLT;60;20201029;160000;55,18
AFLT;60;20201029;170000;55,3
AFLT;60;20201029;180000;55,86
AFLT;60;20201029;190000;56,2
AFLT;60;20201029;200000;56,14
AFLT;60;20201029;210000;56,36
AFLT;60;20201029;220000;56,74
AFLT;60;20201029;230000;57,18
AFLT;60;20201030;0;56,72
AFLT;60;20201030;110000;56,28
AFLT;60;20201030;120000;56,82
AFLT;60;20201030;130000;57,14
AFLT;60;20201030;140000;57,44
AFLT;60;20201030;150000;57,46
AFLT;60;20201030;160000;57,26
AFLT;60;20201030;170000;57,08
AFLT;60;20201030;180000;57,3
AFLT;60;20201030;190000;56,9
AFLT;60;20201030;200000;57,54
AFLT;60;20201030;210000;57,6
AFLT;60;20201030;220000;57,56
AFLT;60;20201030;230000;57,3
AFLT;60;20201031;0;57,3
AFLT;60;20201102;110000;55,92
AFLT;60;20201102;120000;56,26
AFLT;60;20201102;130000;56,28
AFLT;60;20201102;140000;56,34
AFLT;60;20201102;150000;56,26
AFLT;60;20201102;160000;56,2
AFLT;60;20201102;170000;56,48
AFLT;60;20201102;180000;56,5
AFLT;60;20201102;190000;56,38
AFLT;60;20201102;200000;56,48
AFLT;60;20201102;210000;56,74
AFLT;60;20201102;220000;56,5
AFLT;60;20201102;230000;56,54
AFLT;60;20201103;0;56,48
AFLT;60;20201103;110000;57,38
AFLT;60;20201103;120000;57,44
AFLT;60;20201103;130000;57,8
AFLT;60;20201103;140000;58,14
AFLT;60;20201103;150000;58,52
AFLT;60;20201103;160000;58,04
AFLT;60;20201103;170000;58,26
AFLT;60;20201103;180000;58,44
AFLT;60;20201103;190000;58,44
AFLT;60;20201103;200000;57,96
AFLT;60;20201103;210000;58
AFLT;60;20201103;220000;57,98
AFLT;60;20201103;230000;57,96
AFLT;60;20201104;0;58
AFLT;60;20201105;110000;59,1
AFLT;60;20201105;120000;59,68
AFLT;60;20201105;130000;59,2
AFLT;60;20201105;140000;59,24
AFLT;60;20201105;150000;59,6
AFLT;60;20201105;160000;59,64
AFLT;60;20201105;170000;59,64
AFLT;60;20201105;180000;59,64
AFLT;60;20201105;190000;59,62
AFLT;60;20201105;200000;59,38
AFLT;60;20201105;210000;58,88
AFLT;60;20201105;220000;58,86
AFLT;60;20201105;230000;58,98
AFLT;60;20201106;0;58,94
AFLT;60;20201106;110000;58,94
AFLT;60;20201106;120000;59,68
AFLT;60;20201106;130000;59,3
AFLT;60;20201106;140000;59,42
AFLT;60;20201106;150000;59,42
AFLT;60;20201106;160000;59,46
AFLT;60;20201106;170000;59,56
AFLT;60;20201106;180000;59,56
AFLT;60;20201106;190000;59,5
AFLT;60;20201106;200000;59,64
AFLT;60;20201106;210000;59,6
AFLT;60;20201106;220000;59,6
AFLT;60;20201106;230000;59,66
AFLT;60;20201107;0;59,66
AFLT;60;20201109;110000;59,9
AFLT;60;20201109;120000;60,88
AFLT;60;20201109;130000;61,5
AFLT;60;20201109;140000;61,7
AFLT;60;20201109;150000;63,1
AFLT;60;20201109;160000;64,7
AFLT;60;20201109;170000;64,08
AFLT;60;20201109;180000;64,4
AFLT;60;20201109;190000;64,7
AFLT;60;20201109;200000;64,24
AFLT;60;20201109;210000;64,64
AFLT;60;20201109;220000;64,7
AFLT;60;20201109;230000;65,04
AFLT;60;20201110;0;65,12
AFLT;60;20201110;110000;64,62
AFLT;60;20201110;120000;65,32
AFLT;60;20201110;130000;65,68
AFLT;60;20201110;140000;65,66
AFLT;60;20201110;150000;65,92
AFLT;60;20201110;160000;66
AFLT;60;20201110;170000;65,96
AFLT;60;20201110;180000;65,7
AFLT;60;20201110;190000;65
AFLT;60;20201110;200000;64,88
AFLT;60;20201110;210000;65
AFLT;60;20201110;220000;65,5
AFLT;60;20201110;230000;65,4
AFLT;60;20201111;0;65,34
AFLT;60;20201111;110000;66,82
AFLT;60;20201111;120000;66,18
AFLT;60;20201111;130000;66,66
AFLT;60;20201111;140000;66,9
AFLT;60;20201111;150000;67,08
AFLT;60;20201111;160000;66,42
AFLT;60;20201111;170000;66,6
AFLT;60;20201111;180000;67,04
AFLT;60;20201111;190000;67,3
AFLT;60;20201111;200000;66,98
AFLT;60;20201111;210000;66,88
AFLT;60;20201111;220000;66,86
AFLT;60;20201111;230000;66,84
AFLT;60;20201112;0;66,94
AFLT;60;20201112;110000;65,96
AFLT;60;20201112;120000;66,16
AFLT;60;20201112;130000;66,4
AFLT;60;20201112;140000;66,32
AFLT;60;20201112;150000;66,28
AFLT;60;20201112;160000;65,62
AFLT;60;20201112;170000;66,28
AFLT;60;20201112;180000;66,34
AFLT;60;20201112;190000;66,3
AFLT;60;20201112;200000;66,22
AFLT;60;20201112;210000;66,14
AFLT;60;20201112;220000;66,04
AFLT;60;20201112;230000;65,32
AFLT;60;20201113;0;64,96
AFLT;60;20201113;110000;64,7
AFLT;60;20201113;120000;65,64
AFLT;60;20201113;130000;66,58
AFLT;60;20201113;140000;66,68
AFLT;60;20201113;150000;66,32
AFLT;60;20201113;160000;66,52
AFLT;60;20201113;170000;66,7
AFLT;60;20201113;180000;66,8
AFLT;60;20201113;190000;66,86
AFLT;60;20201113;200000;66,9
AFLT;60;20201113;210000;66,92
AFLT;60;20201113;220000;66,98
AFLT;60;20201113;230000;67,04
AFLT;60;20201114;0;67,3
AFLT;60;20201116;110000;69,12
AFLT;60;20201116;120000;68,5
AFLT;60;20201116;130000;69,28
AFLT;60;20201116;140000;69,06
AFLT;60;20201116;150000;69,04
AFLT;60;20201116;160000;69,24
AFLT;60;20201116;170000;69,28
AFLT;60;20201116;180000;68,64
AFLT;60;20201116;190000;68,9
AFLT;60;20201116;200000;68,98
AFLT;60;20201116;210000;69,06
AFLT;60;20201116;220000;69,36
AFLT;60;20201116;230000;69,46
AFLT;60;20201117;0;69,44
AFLT;60;20201117;110000;68,42
AFLT;60;20201117;120000;67,46
AFLT;60;20201117;130000;67,12
AFLT;60;20201117;140000;67,06
AFLT;60;20201117;150000;67,02
AFLT;60;20201117;160000;67,4
AFLT;60;20201117;170000;66,86
AFLT;60;20201117;180000;66,9
AFLT;60;20201117;190000;67,3
AFLT;60;20201117;200000;67,54
AFLT;60;20201117;210000;67,58
AFLT;60;20201117;220000;67,44
AFLT;60;20201117;230000;67,84
AFLT;60;20201118;0;67,5
AFLT;60;20201118;110000;68,06
AFLT;60;20201118;120000;68,62
AFLT;60;20201118;130000;68,56
AFLT;60;20201118;140000;68,5
AFLT;60;20201118;150000;69,02
AFLT;60;20201118;160000;69,54
AFLT;60;20201118;170000;68,9
AFLT;60;20201118;180000;69,06
AFLT;60;20201118;190000;69,36
AFLT;60;20201118;200000;69,26
AFLT;60;20201118;210000;69,18
AFLT;60;20201118;220000;69,24
AFLT;60;20201118;230000;69,06
AFLT;60;20201119;0;68,08
AFLT;60;20201119;110000;68,54
AFLT;60;20201119;120000;68,34
AFLT;60;20201119;130000;68,34
AFLT;60;20201119;140000;68,34
AFLT;60;20201119;150000;67,74
AFLT;60;20201119;160000;67,8
AFLT;60;20201119;170000;67,92
AFLT;60;20201119;180000;67,98
AFLT;60;20201119;190000;68,2
AFLT;60;20201119;200000;67,92
AFLT;60;20201119;210000;67,96
AFLT;60;20201119;220000;68,08
AFLT;60;20201119;230000;68,58
AFLT;60;20201120;0;68,54
AFLT;60;20201120;110000;68,24
AFLT;60;20201120;120000;68,66
AFLT;60;20201120;130000;68,52
AFLT;60;20201120;140000;68,96
AFLT;60;20201120;150000;69,02
AFLT;60;20201120;160000;68,98
AFLT;60;20201120;170000;68,9
AFLT;60;20201120;180000;68,94
AFLT;60;20201120;190000;68,9
AFLT;60;20201120;200000;68,84
AFLT;60;20201120;210000;68,74
AFLT;60;20201120;220000;68,9
AFLT;60;20201120;230000;68,84
AFLT;60;20201121;0;68,98
AFLT;60;20201123;110000;69,86
AFLT;60;20201123;120000;69,76
AFLT;60;20201123;130000;69,52
AFLT;60;20201123;140000;69,36
AFLT;60;20201123;150000;69,2
AFLT;60;20201123;160000;69,52
AFLT;60;20201123;170000;69,4
AFLT;60;20201123;180000;69,3
AFLT;60;20201123;190000;69,22
AFLT;60;20201123;200000;69,3
AFLT;60;20201123;210000;69,3
AFLT;60;20201123;220000;69,44
AFLT;60;20201123;230000;69,5
AFLT;60;20201124;0;69,48
AFLT;60;20201124;110000;69,64
AFLT;60;20201124;120000;70,8
AFLT;60;20201124;130000;71,54
AFLT;60;20201124;140000;71,48
AFLT;60;20201124;150000;71,16
AFLT;60;20201124;160000;71,48
AFLT;60;20201124;170000;71,98
AFLT;60;20201124;180000;72,08
AFLT;60;20201124;190000;71,9
AFLT;60;20201124;200000;71,94
AFLT;60;20201124;210000;71,94
AFLT;60;20201124;220000;72,3
AFLT;60;20201124;230000;72,34
AFLT;60;20201125;0;72,62
AFLT;60;20201125;110000;73,66
AFLT;60;20201125;120000;73,38
AFLT;60;20201125;130000;71,48
AFLT;60;20201125;140000;71,66
AFLT;60;20201125;150000;71,86
AFLT;60;20201125;160000;72,16
AFLT;60;20201125;170000;71,58
AFLT;60;20201125;180000;71,34
AFLT;60;20201125;190000;71,48
AFLT;60;20201125;200000;71,98
AFLT;60;20201125;210000;71,72
AFLT;60;20201125;220000;71,98
AFLT;60;20201125;230000;72,1
AFLT;60;20201126;0;72,18
AFLT;60;20201126;110000;71,98
AFLT;60;20201126;120000;72
AFLT;60;20201126;130000;71,32
AFLT;60;20201126;140000;71,36
AFLT;60;20201126;150000;71,4
AFLT;60;20201126;160000;70,8
AFLT;60;20201126;170000;70,68
AFLT;60;20201126;180000;71,02
AFLT;60;20201126;190000;71,3
AFLT;60;20201126;200000;71,44
AFLT;60;20201126;210000;71,2
AFLT;60;20201126;220000;71,3
AFLT;60;20201126;230000;71,34
AFLT;60;20201127;0;71,24
AFLT;60;20201127;110000;70,48
AFLT;60;20201127;120000;70,94
AFLT;60;20201127;130000;71,16
AFLT;60;20201127;140000;71,2
AFLT;60;20201127;150000;71,2
AFLT;60;20201127;160000;71,06
AFLT;60;20201127;170000;71,2
AFLT;60;20201127;180000;71,84
AFLT;60;20201127;190000;72,1
AFLT;60;20201127;200000;72
AFLT;60;20201127;210000;71,96
AFLT;60;20201127;220000;71,98
AFLT;60;20201127;230000;72,04
AFLT;60;20201128;0;72
AFLT;60;20201130;110000;71,98
AFLT;60;20201130;120000;72,28
AFLT;60;20201130;130000;71,98
AFLT;60;20201130;140000;71,86
AFLT;60;20201130;150000;71,86
AFLT;60;20201130;160000;71,9
AFLT;60;20201130;170000;72
AFLT;60;20201130;180000;71,58
AFLT;60;20201130;190000;72,18
AFLT;60;20201130;200000;71,6
AFLT;60;20201130;210000;71,66
AFLT;60;20201130;220000;71,58
AFLT;60;20201130;230000;71,7
AFLT;60;20201201;0;71,66
AFLT;60;20201201;110000;72,06
AFLT;60;20201201;120000;72,1
AFLT;60;20201201;130000;71,92
AFLT;60;20201201;140000;72,06
AFLT;60;20201201;150000;72
AFLT;60;20201201;160000;71,8
AFLT;60;20201201;170000;71,8
AFLT;60;20201201;180000;71,84
AFLT;60;20201201;190000;71,9
AFLT;60;20201201;200000;71,98
AFLT;60;20201201;210000;72,02
AFLT;60;20201201;220000;72
AFLT;60;20201201;230000;72,12
AFLT;60;20201202;0;72,18
AFLT;60;20201202;110000;72,08
AFLT;60;20201202;120000;71,88
AFLT;60;20201202;130000;71,78
AFLT;60;20201202;140000;72,12
AFLT;60;20201202;150000;72,06
AFLT;60;20201202;160000;72,16
AFLT;60;20201202;170000;72,04
AFLT;60;20201202;180000;72,08
AFLT;60;20201202;190000;72,02
AFLT;60;20201202;200000;72,3
AFLT;60;20201202;210000;72,48
AFLT;60;20201202;220000;72,46
AFLT;60;20201202;230000;72,48
AFLT;60;20201203;0;72,5
AFLT;60;20201203;110000;73,26
AFLT;60;20201203;120000;73,34
AFLT;60;20201203;130000;73,58
AFLT;60;20201203;140000;74,06
AFLT;60;20201203;150000;73,7
AFLT;60;20201203;160000;73,44
AFLT;60;20201203;170000;73,3
AFLT;60;20201203;180000;73,48
AFLT;60;20201203;190000;73,5
AFLT;60;20201203;200000;74,04
AFLT;60;20201203;210000;74
AFLT;60;20201203;220000;73,86
AFLT;60;20201203;230000;73,9
AFLT;60;20201204;0;74
AFLT;60;20201204;110000;74,72
AFLT;60;20201204;120000;75,06
AFLT;60;20201204;130000;74,34
AFLT;60;20201204;140000;74,14
AFLT;60;20201204;150000;74,24
AFLT;60;20201204;160000;74,02
AFLT;60;20201204;170000;73,58
AFLT;60;20201204;180000;73,72
AFLT;60;20201204;190000;74,2
AFLT;60;20201204;200000;74,12
AFLT;60;20201204;210000;74,16
AFLT;60;20201204;220000;74,12
AFLT;60;20201204;230000;74,14
AFLT;60;20201205;0;74,14
AFLT;60;20201207;110000;75
AFLT;60;20201207;120000;74,36
AFLT;60;20201207;130000;74,36
AFLT;60;20201207;140000;73,96
AFLT;60;20201207;150000;74,02
AFLT;60;20201207;160000;74
AFLT;60;20201207;170000;74,34
AFLT;60;20201207;180000;74,26
AFLT;60;20201207;190000;73,9
AFLT;60;20201207;200000;73,98
AFLT;60;20201207;210000;74,06
AFLT;60;20201207;220000;74,04
AFLT;60;20201207;230000;73,94
AFLT;60;20201208;0;74
AFLT;60;20201208;110000;73,02
AFLT;60;20201208;120000;73,5
AFLT;60;20201208;130000;73,22
AFLT;60;20201208;140000;73,1
AFLT;60;20201208;150000;72,96
AFLT;60;20201208;160000;72,66
AFLT;60;20201208;170000;72,14
AFLT;60;20201208;180000;72,06
AFLT;60;20201208;190000;72,22
AFLT;60;20201208;200000;72,2
AFLT;60;20201208;210000;72,46
AFLT;60;20201208;220000;72,36
AFLT;60;20201208;230000;72,6
AFLT;60;20201209;0;72,7
AFLT;60;20201209;110000;72,26
AFLT;60;20201209;120000;72,7
AFLT;60;20201209;130000;73,04
AFLT;60;20201209;140000;72,5
AFLT;60;20201209;150000;72,46
AFLT;60;20201209;160000;72,62
AFLT;60;20201209;170000;72,64
AFLT;60;20201209;180000;72,42
AFLT;60;20201209;190000;72
AFLT;60;20201209;200000;72,14
AFLT;60;20201209;210000;72,08
AFLT;60;20201209;220000;72
AFLT;60;20201209;230000;72,06
AFLT;60;20201210;0;72
AFLT;60;20201210;110000;72,08
AFLT;60;20201210;120000;71,94
AFLT;60;20201210;130000;72
AFLT;60;20201210;140000;72,34
AFLT;60;20201210;150000;71,98
AFLT;60;20201210;160000;71,64
AFLT;60;20201210;170000;71,22
AFLT;60;20201210;180000;71,52
AFLT;60;20201210;190000;71,82
AFLT;60;20201210;200000;71,7
AFLT;60;20201210;210000;71,86
AFLT;60;20201210;220000;72,04
AFLT;60;20201210;230000;72,02
AFLT;60;20201211;0;72,18
AFLT;60;20201211;110000;72,58
AFLT;60;20201211;120000;71,92
AFLT;60;20201211;130000;71,78
AFLT;60;20201211;140000;71,52
AFLT;60;20201211;150000;71,52
AFLT;60;20201211;160000;71,5
AFLT;60;20201211;170000;71,58
AFLT;60;20201211;180000;71,3
AFLT;60;20201211;190000;71,26
AFLT;60;20201211;200000;71,66
AFLT;60;20201211;210000;71,84
AFLT;60;20201211;220000;71,78
AFLT;60;20201211;230000;71,7
AFLT;60;20201212;0;71,76
AFLT;60;20201214;110000;72,1
AFLT;60;20201214;120000;72,1
AFLT;60;20201214;130000;71,9
AFLT;60;20201214;140000;71,7
AFLT;60;20201214;150000;71,44
AFLT;60;20201214;160000;71,5
AFLT;60;20201214;170000;71,3
AFLT;60;20201214;180000;70,84
AFLT;60;20201214;190000;70,5
AFLT;60;20201214;200000;70,38
AFLT;60;20201214;210000;70,82
AFLT;60;20201214;220000;70,78
AFLT;60;20201214;230000;71,04
AFLT;60;20201215;0;71,08
AFLT;60;20201215;110000;70,18
AFLT;60;20201215;120000;70,62
AFLT;60;20201215;130000;70,64
AFLT;60;20201215;140000;70,3
AFLT;60;20201215;150000;70,26
AFLT;60;20201215;160000;69,72
AFLT;60;20201215;170000;69,98
AFLT;60;20201215;180000;69,9
AFLT;60;20201215;190000;70,08
AFLT;60;20201215;200000;70,06
AFLT;60;20201215;210000;70,16
AFLT;60;20201215;220000;70,16
AFLT;60;20201215;230000;70,18
AFLT;60;20201216;0;70,24
AFLT;60;20201216;110000;70,1
AFLT;60;20201216;120000;70,04
AFLT;60;20201216;130000;69,92
AFLT;60;20201216;140000;69,88
AFLT;60;20201216;150000;70,34
AFLT;60;20201216;160000;70,54
AFLT;60;20201216;170000;71,12
AFLT;60;20201216;180000;70,88
AFLT;60;20201216;190000;70,98
AFLT;60;20201216;200000;71,14
AFLT;60;20201216;210000;71,38
AFLT;60;20201216;220000;71,32
AFLT;60;20201216;230000;71,34
AFLT;60;20201217;0;71,46
AFLT;60;20201217;110000;72,12
AFLT;60;20201217;120000;71,7
AFLT;60;20201217;130000;71,14
AFLT;60;20201217;140000;71,4
AFLT;60;20201217;150000;71,24
AFLT;60;20201217;160000;71,28
AFLT;60;20201217;170000;71,2
AFLT;60;20201217;180000;70,9
AFLT;60;20201217;190000;70,6
AFLT;60;20201217;200000;71,28
AFLT;60;20201217;210000;71,12
AFLT;60;20201217;220000;71,06
AFLT;60;20201217;230000;71,16
AFLT;60;20201218;0;71,1
AFLT;60;20201218;110000;71,12
AFLT;60;20201218;120000;71,36
AFLT;60;20201218;130000;71,28
AFLT;60;20201218;140000;71,24
AFLT;60;20201218;150000;71,36
AFLT;60;20201218;160000;71,52
AFLT;60;20201218;170000;71,68
AFLT;60;20201218;180000;72,24
AFLT;60;20201218;190000;71
AFLT;60;20201218;200000;71,4
AFLT;60;20201218;210000;71,44
AFLT;60;20201218;220000;71,42
AFLT;60;20201218;230000;71,46
AFLT;60;20201219;0;71,4
AFLT;60;20201221;110000;69,1
AFLT;60;20201221;120000;68,72
AFLT;60;20201221;130000;67,36
AFLT;60;20201221;140000;67,18
AFLT;60;20201221;150000;67,9
AFLT;60;20201221;160000;68,04
AFLT;60;20201221;170000;67,78
AFLT;60;20201221;180000;68,14
AFLT;60;20201221;190000;68,16
AFLT;60;20201221;200000;69,2
AFLT;60;20201221;210000;68,66
AFLT;60;20201221;220000;68,88
AFLT;60;20201221;230000;69,04
AFLT;60;20201222;0;68,76
AFLT;60;20201222;110000;69,08
AFLT;60;20201222;120000;69,22
AFLT;60;20201222;130000;69,12
AFLT;60;20201222;140000;68,9
AFLT;60;20201222;150000;68,8
AFLT;60;20201222;160000;69,26
AFLT;60;20201222;170000;69,04
AFLT;60;20201222;180000;68,84
AFLT;60;20201222;190000;69,08
AFLT;60;20201222;200000;68,82
AFLT;60;20201222;210000;68,82
AFLT;60;20201222;220000;68,84
AFLT;60;20201222;230000;68,88
AFLT;60;20201223;0;68,74
AFLT;60;20201223;110000;68,96
AFLT;60;20201223;120000;68,72
AFLT;60;20201223;130000;69,28
AFLT;60;20201223;140000;69,06
AFLT;60;20201223;150000;68,98
AFLT;60;20201223;160000;68,96
AFLT;60;20201223;170000;69
AFLT;60;20201223;180000;69,22
AFLT;60;20201223;190000;69,52
AFLT;60;20201223;200000;69,46
AFLT;60;20201223;210000;69,44
AFLT;60;20201223;220000;69,66
AFLT;60;20201223;230000;69,4
AFLT;60;20201224;0;69,42
AFLT;60;20201224;110000;68,82
AFLT;60;20201224;120000;69,04
AFLT;60;20201224;130000;68,96
AFLT;60;20201224;140000;69,04
AFLT;60;20201224;150000;69,34
AFLT;60;20201224;160000;69,1
AFLT;60;20201224;170000;69,06
AFLT;60;20201224;180000;69,08
AFLT;60;20201224;190000;69,04
AFLT;60;20201224;200000;68,98
AFLT;60;20201224;210000;68,96
AFLT;60;20201224;220000;68,94
AFLT;60;20201224;230000;68,94
AFLT;60;20201225;0;68,98
AFLT;60;20201225;110000;68,98
AFLT;60;20201225;120000;68,96
AFLT;60;20201225;130000;69,04
AFLT;60;20201225;140000;69,06
AFLT;60;20201225;150000;69,02
AFLT;60;20201225;160000;68,96
AFLT;60;20201225;170000;69
AFLT;60;20201225;180000;68,94
AFLT;60;20201225;190000;68,96
AFLT;60;20201225;200000;68,94
AFLT;60;20201225;210000;68,98
AFLT;60;20201225;220000;68,96
AFLT;60;20201225;230000;69,06
AFLT;60;20201226;0;69,14
AFLT;60;20201228;110000;69,56
AFLT;60;20201228;120000;69,52
AFLT;60;20201228;130000;69,52
AFLT;60;20201228;140000;69,36
AFLT;60;20201228;150000;69,4
AFLT;60;20201228;160000;69,44
AFLT;60;20201228;170000;69,52
AFLT;60;20201228;180000;69,52
AFLT;60;20201228;190000;69,5
AFLT;60;20201228;200000;69,58
AFLT;60;20201228;210000;69,64
AFLT;60;20201228;220000;69,64
AFLT;60;20201228;230000;69,66
AFLT;60;20201229;0;69,62
AFLT;60;20201229;110000;70,04
AFLT;60;20201229;120000;70,12
AFLT;60;20201229;130000;70,28
AFLT;60;20201229;140000;70,76
AFLT;60;20201229;150000;71,32
AFLT;60;20201229;160000;71,04
AFLT;60;20201229;170000;70,8
AFLT;60;20201229;180000;70,5
AFLT;60;20201229;190000;70,38
AFLT;60;20201229;200000;70,5
AFLT;60;20201229;210000;70,42
AFLT;60;20201229;220000;70,64
AFLT;60;20201229;230000;70,74
AFLT;60;20201230;0;70,62
AFLT;60;20201230;110000;71,06
AFLT;60;20201230;120000;71,24
AFLT;60;20201230;130000;71,36
AFLT;60;20201230;140000;71,5
AFLT;60;20201230;150000;71,84
AFLT;60;20201230;160000;71,48
AFLT;60;20201230;170000;71,5
AFLT;60;20201230;180000;71,58
AFLT;60;20201230;190000;71,18
AFLT;60;20201230;200000;71,32
AFLT;60;20201230;210000;71,44
AFLT;60;20201230;220000;71,44
AFLT;60;20201230;230000;71,38
AFLT;60;20201231;0;71,44
AFLT;60;20210104;110000;72,46
AFLT;60;20210104;120000;72,8
AFLT;60;20210104;130000;73
AFLT;60;20210104;140000;72,86
AFLT;60;20210104;150000;72,68
AFLT;60;20210104;160000;72,7
AFLT;60;20210104;170000;72,82
AFLT;60;20210104;180000;72,64
AFLT;60;20210104;190000;72,32
AFLT;60;20210104;200000;71,96
AFLT;60;20210104;210000;71,74
AFLT;60;20210104;220000;72,08
AFLT;60;20210104;230000;72,1
AFLT;60;20210105;0;72,06
AFLT;60;20210105;110000;72,1
AFLT;60;20210105;120000;72,6
AFLT;60;20210105;130000;72,58
AFLT;60;20210105;140000;72,66
AFLT;60;20210105;150000;72,58
AFLT;60;20210105;160000;72,44
AFLT;60;20210105;170000;72,12
AFLT;60;20210105;180000;72,66
AFLT;60;20210105;190000;72,84
AFLT;60;20210105;200000;72,68
AFLT;60;20210105;210000;72,64
AFLT;60;20210105;220000;72,68
AFLT;60;20210105;230000;72,7
AFLT;60;20210106;0;72,74
AFLT;60;20210106;110000;73,2
AFLT;60;20210106;120000;72,78
AFLT;60;20210106;130000;73,2
AFLT;60;20210106;140000;73,38
AFLT;60;20210106;150000;73,14
AFLT;60;20210106;160000;73,12
AFLT;60;20210106;170000;73,12
AFLT;60;20210106;180000;73,06
AFLT;60;20210106;190000;73,3
AFLT;60;20210106;200000;73,1
AFLT;60;20210106;210000;73,06
AFLT;60;20210106;220000;73,12
AFLT;60;20210106;230000;72,94
AFLT;60;20210107;0;72,96
AFLT;60;20210108;110000;73,46
AFLT;60;20210108;120000;73,38
AFLT;60;20210108;130000;73,38
AFLT;60;20210108;140000;73,2
AFLT;60;20210108;150000;73,18
AFLT;60;20210108;160000;73,18
AFLT;60;20210108;170000;73,36
AFLT;60;20210108;180000;73,34
AFLT;60;20210108;190000;73,3
AFLT;60;20210108;200000;73,2
AFLT;60;20210108;210000;73,2
AFLT;60;20210108;220000;73,18
AFLT;60;20210108;230000;73,42
AFLT;60;20210109;0;73,58
AFLT;60;20210111;110000;73,4
AFLT;60;20210111;120000;73,92
AFLT;60;20210111;130000;74,44
AFLT;60;20210111;140000;74,08
AFLT;60;20210111;150000;74,3
AFLT;60;20210111;160000;74,2
AFLT;60;20210111;170000;73,58
AFLT;60;20210111;180000;73,56
AFLT;60;20210111;190000;73,74
AFLT;60;20210111;200000;73,78
AFLT;60;20210111;210000;73,72
AFLT;60;20210111;220000;73,86
AFLT;60;20210111;230000;74,02
AFLT;60;20210112;0;74,08
AFLT;60;20210112;110000;74,38
AFLT;60;20210112;120000;74,04
AFLT;60;20210112;130000;74,2
AFLT;60;20210112;140000;74,34
AFLT;60;20210112;150000;74,36
AFLT;60;20210112;160000;74,08
AFLT;60;20210112;170000;73,54
AFLT;60;20210112;180000;73,42
AFLT;60;20210112;190000;73,54
AFLT;60;20210112;200000;73,78
AFLT;60;20210112;210000;73,98
AFLT;60;20210112;220000;74,02
AFLT;60;20210112;230000;74,04
AFLT;60;20210113;0;74,18
AFLT;60;20210113;110000;73,64
AFLT;60;20210113;120000;73,32
AFLT;60;20210113;130000;73,46
AFLT;60;20210113;140000;73,32
AFLT;60;20210113;150000;73,36
AFLT;60;20210113;160000;73,08
AFLT;60;20210113;170000;73,1
AFLT;60;20210113;180000;73,04
AFLT;60;20210113;190000;73,36
AFLT;60;20210113;200000;73,46
AFLT;60;20210113;210000;73,5
AFLT;60;20210113;220000;73,52
AFLT;60;20210113;230000;73,52
AFLT;60;20210114;0;73,5
AFLT;60;20210114;110000;72,98
AFLT;60;20210114;120000;73,04
AFLT;60;20210114;130000;73,02
AFLT;60;20210114;140000;73,04
AFLT;60;20210114;150000;72,8
AFLT;60;20210114;160000;73,04
AFLT;60;20210114;170000;72,8
AFLT;60;20210114;180000;73
AFLT;60;20210114;190000;73,2
AFLT;60;20210114;200000;73,3
AFLT;60;20210114;210000;73,18
AFLT;60;20210114;220000;73,22
AFLT;60;20210114;230000;73,22
AFLT;60;20210115;0;73,16
AFLT;60;20210115;110000;73,2
AFLT;60;20210115;120000;73,52
AFLT;60;20210115;130000;73,4
AFLT;60;20210115;140000;73,42
AFLT;60;20210115;150000;73,04
AFLT;60;20210115;160000;72,5
AFLT;60;20210115;170000;72,6
AFLT;60;20210115;180000;72,58
AFLT;60;20210115;190000;72,6
AFLT;60;20210115;200000;72,42
AFLT;60;20210115;210000;72,32
AFLT;60;20210115;220000;72,22
AFLT;60;20210115;230000;72,36
AFLT;60;20210116;0;72,3
AFLT;60;20210118;110000;72,62
AFLT;60;20210118;120000;72,56
AFLT;60;20210118;130000;72,42
AFLT;60;20210118;140000;72,62
AFLT;60;20210118;150000;72,58
AFLT;60;20210118;160000;72,58
AFLT;60;20210118;170000;72,48
AFLT;60;20210118;180000;72,48
AFLT;60;20210118;190000;72,44
AFLT;60;20210118;200000;72,62
AFLT;60;20210118;210000;72,7
AFLT;60;20210118;220000;72,64
AFLT;60;20210118;230000;72,7
AFLT;60;20210119;0;72,78
AFLT;60;20210119;110000;73,44
AFLT;60;20210119;120000;73,72
AFLT;60;20210119;130000;73,68
AFLT;60;20210119;140000;73,7
AFLT;60;20210119;150000;74,22
AFLT;60;20210119;160000;74,18
AFLT;60;20210119;170000;73,78
AFLT;60;20210119;180000;73,56
AFLT;60;20210119;190000;73,4
AFLT;60;20210119;200000;73,36
AFLT;60;20210119;210000;73,78
AFLT;60;20210119;220000;73,76
AFLT;60;20210119;230000;73,84
AFLT;60;20210120;0;73,72
AFLT;60;20210120;110000;73,8
AFLT;60;20210120;120000;74,08
AFLT;60;20210120;130000;74,12
AFLT;60;20210120;140000;73,86
AFLT;60;20210120;150000;73,5
AFLT;60;20210120;160000;73,4
AFLT;60;20210120;170000;73,44
AFLT;60;20210120;180000;73,6
AFLT;60;20210120;190000;73,8
AFLT;60;20210120;200000;73,64
AFLT;60;20210120;210000;73,56
AFLT;60;20210120;220000;73,5
AFLT;60;20210120;230000;73,62
AFLT;60;20210121;0;73,72
AFLT;60;20210121;110000;73,5
AFLT;60;20210121;120000;72,5
AFLT;60;20210121;130000;72,58
AFLT;60;20210121;140000;72,86
AFLT;60;20210121;150000;72,6
AFLT;60;20210121;160000;72,68
AFLT;60;20210121;170000;72,82
AFLT;60;20210121;180000;72,48
AFLT;60;20210121;190000;72,52
AFLT;60;20210121;200000;72,58
AFLT;60;20210121;210000;72,54
AFLT;60;20210121;220000;72,56
AFLT;60;20210121;230000;72,54
AFLT;60;20210122;0;72,5
AFLT;60;20210122;110000;71,58
AFLT;60;20210122;120000;71,48
AFLT;60;20210122;130000;71,88
AFLT;60;20210122;140000;72,08
AFLT;60;20210122;150000;72,08
AFLT;60;20210122;160000;72,1
AFLT;60;20210122;170000;72,12
AFLT;60;20210122;180000;72,18
AFLT;60;20210122;190000;72,16
AFLT;60;20210122;200000;71,94
AFLT;60;20210122;210000;71,76
AFLT;60;20210122;220000;71,84
AFLT;60;20210122;230000;71,86
AFLT;60;20210123;0;71,84
AFLT;60;20210125;110000;71,2
AFLT;60;20210125;120000;71,08
AFLT;60;20210125;130000;70,98
AFLT;60;20210125;140000;71,06
AFLT;60;20210125;150000;70,44
AFLT;60;20210125;160000;70,58
AFLT;60;20210125;170000;70,72
AFLT;60;20210125;180000;70,9
AFLT;60;20210125;190000;71,08
AFLT;60;20210125;200000;71,06
AFLT;60;20210125;210000;70,98
AFLT;60;20210125;220000;71,06
AFLT;60;20210125;230000;71,08
AFLT;60;20210126;0;71,14
AFLT;60;20210126;110000;70,72
AFLT;60;20210126;120000;70,88
AFLT;60;20210126;130000;70,88
AFLT;60;20210126;140000;70,82
AFLT;60;20210126;150000;70,84
AFLT;60;20210126;160000;70,92
AFLT;60;20210126;170000;70,5
AFLT;60;20210126;180000;70,66
AFLT;60;20210126;190000;70,5
AFLT;60;20210126;200000;70,68
AFLT;60;20210126;210000;70,68
AFLT;60;20210126;220000;70,74
AFLT;60;20210126;230000;70,8
AFLT;60;20210127;0;70,76
AFLT;60;20210127;110000;70,94
AFLT;60;20210127;120000;70,66
AFLT;60;20210127;130000;70,22
AFLT;60;20210127;140000;70,22
AFLT;60;20210127;150000;70,12
AFLT;60;20210127;160000;70,02
AFLT;60;20210127;170000;70,2
AFLT;60;20210127;180000;70,14
AFLT;60;20210127;190000;69,88
AFLT;60;20210127;200000;70,02
AFLT;60;20210127;210000;70,1
AFLT;60;20210127;220000;70,14
AFLT;60;20210127;230000;70,04
AFLT;60;20210128;0;69,88
AFLT;60;20210128;110000;69,44
AFLT;60;20210128;120000;69,28
AFLT;60;20210128;130000;69,4
AFLT;60;20210128;140000;69,36
AFLT;60;20210128;150000;69,42
AFLT;60;20210128;160000;69,9
AFLT;60;20210128;170000;70,92
AFLT;60;20210128;180000;70,72
AFLT;60;20210128;190000;70,42
AFLT;60;20210128;200000;70,56
AFLT;60;20210128;210000;70,94
AFLT;60;20210128;220000;70,96
AFLT;60;20210128;230000;70,9
AFLT;60;20210129;0;71
AFLT;60;20210129;110000;70,86
AFLT;60;20210129;120000;70,38
AFLT;60;20210129;130000;70,26
AFLT;60;20210129;140000;70,42
AFLT;60;20210129;150000;70,56
AFLT;60;20210129;160000;70,36
AFLT;60;20210129;170000;70,16
AFLT;60;20210129;180000;70,06
AFLT;60;20210129;190000;70,02
AFLT;60;20210129;200000;70,16
AFLT;60;20210129;210000;70,12
AFLT;60;20210129;220000;69,94
AFLT;60;20210129;230000;69,96
AFLT;60;20210130;0;69,88
AFLT;60;20210201;110000;69,68
AFLT;60;20210201;120000;70,04
AFLT;60;20210201;130000;70,14
AFLT;60;20210201;140000;69,7
AFLT;60;20210201;150000;69,84
AFLT;60;20210201;160000;70,08
AFLT;60;20210201;170000;70,16
AFLT;60;20210201;180000;69,92
AFLT;60;20210201;190000;70,08
AFLT;60;20210201;200000;70,04
AFLT;60;20210201;210000;70,1
AFLT;60;20210201;220000;70,16
AFLT;60;20210201;230000;70,24
AFLT;60;20210202;0;70,34
AFLT;60;20210202;110000;70,48
AFLT;60;20210202;120000;70,7
AFLT;60;20210202;130000;70,58
AFLT;60;20210202;140000;70,5
AFLT;60;20210202;150000;70,52
AFLT;60;20210202;160000;70,54
AFLT;60;20210202;170000;70,8
AFLT;60;20210202;180000;70,7
AFLT;60;20210202;190000;70,9
AFLT;60;20210202;200000;70,94
AFLT;60;20210202;210000;70,7
AFLT;60;20210202;220000;70,22
AFLT;60;20210202;230000;70,16
AFLT;60;20210203;0;70,14
AFLT;60;20210203;110000;70,64
AFLT;60;20210203;120000;70,64
AFLT;60;20210203;130000;70,62
AFLT;60;20210203;140000;70,54
AFLT;60;20210203;150000;70,8
AFLT;60;20210203;160000;70,6
AFLT;60;20210203;170000;70,7
AFLT;60;20210203;180000;70,48
AFLT;60;20210203;190000;70,54
AFLT;60;20210203;200000;70,42
AFLT;60;20210203;210000;70,44
AFLT;60;20210203;220000;70,44
AFLT;60;20210203;230000;70,56
AFLT;60;20210204;0;70,68
AFLT;60;20210204;110000;71
AFLT;60;20210204;120000;70,78
AFLT;60;20210204;130000;70,76
AFLT;60;20210204;140000;70,76
AFLT;60;20210204;150000;70,62
AFLT;60;20210204;160000;70,52
AFLT;60;20210204;170000;70,48
AFLT;60;20210204;180000;70,4
AFLT;60;20210204;190000;70,48
AFLT;60;20210204;200000;70,58
AFLT;60;20210204;210000;70,64
AFLT;60;20210204;220000;70,6
AFLT;60;20210204;230000;70,54
AFLT;60;20210205;0;70,56
AFLT;60;20210205;110000;70,7
AFLT;60;20210205;120000;70,74
AFLT;60;20210205;130000;70,66
AFLT;60;20210205;140000;71
AFLT;60;20210205;150000;70,88
AFLT;60;20210205;160000;70,74
AFLT;60;20210205;170000;70,68
AFLT;60;20210205;180000;70,72
AFLT;60;20210205;190000;70,44
AFLT;60;20210205;200000;70,68
AFLT;60;20210205;210000;70,7
AFLT;60;20210205;220000;70,74
AFLT;60;20210205;230000;70,8
AFLT;60;20210206;0;70,82
AFLT;60;20210208;110000;71,02
AFLT;60;20210208;120000;71,06
AFLT;60;20210208;130000;70,84
AFLT;60;20210208;140000;70,9
AFLT;60;20210208;150000;70,86
AFLT;60;20210208;160000;70,8
AFLT;60;20210208;170000;70,86
AFLT;60;20210208;180000;70,84
AFLT;60;20210208;190000;71,06
AFLT;60;20210208;200000;71
AFLT;60;20210208;210000;71,08
AFLT;60;20210208;220000;71,06
AFLT;60;20210208;230000;71,1
AFLT;60;20210209;0;71,08
AFLT;60;20210209;110000;71,06
AFLT;60;20210209;120000;70,6
AFLT;60;20210209;130000;70,44
AFLT;60;20210209;140000;70,56
AFLT;60;20210209;150000;70,48
AFLT;60;20210209;160000;70,46
AFLT;60;20210209;170000;70,34
AFLT;60;20210209;180000;70,24
AFLT;60;20210209;190000;70
AFLT;60;20210209;200000;70,28
AFLT;60;20210209;210000;70,3
AFLT;60;20210209;220000;70,3
AFLT;60;20210209;230000;70,42
AFLT;60;20210210;0;70,34
AFLT;60;20210210;110000;70,32
AFLT;60;20210210;120000;70,16
AFLT;60;20210210;130000;69,98
AFLT;60;20210210;140000;69,9
AFLT;60;20210210;150000;69,58
AFLT;60;20210210;160000;69,32
AFLT;60;20210210;170000;69,42
AFLT;60;20210210;180000;69,12
AFLT;60;20210210;190000;68,52
AFLT;60;20210210;200000;69,12
AFLT;60;20210210;210000;69,26
AFLT;60;20210210;220000;69,2
AFLT;60;20210210;230000;69,36
AFLT;60;20210211;0;69,18
AFLT;60;20210211;110000;68,7
AFLT;60;20210211;120000;69,02
AFLT;60;20210211;130000;68,94
AFLT;60;20210211;140000;68,74
AFLT;60;20210211;150000;68,68
AFLT;60;20210211;160000;68,84
AFLT;60;20210211;170000;68,9
AFLT;60;20210211;180000;68,94
AFLT;60;20210211;190000;68,86
AFLT;60;20210211;200000;68,9
AFLT;60;20210211;210000;68,82
AFLT;60;20210211;220000;68,98
AFLT;60;20210211;230000;68,9
AFLT;60;20210212;0;68,86
AFLT;60;20210212;110000;68,5
AFLT;60;20210212;120000;68,1
AFLT;60;20210212;130000;68,94
AFLT;60;20210212;140000;68,8
AFLT;60;20210212;150000;68,74
AFLT;60;20210212;160000;68,9
AFLT;60;20210212;170000;68,86
AFLT;60;20210212;180000;68,86
AFLT;60;20210212;190000;69
AFLT;60;20210212;200000;69,3
AFLT;60;20210212;210000;69,26
AFLT;60;20210212;220000;69,26
AFLT;60;20210212;230000;69,26
AFLT;60;20210213;0;69,28
AFLT;60;20210215;110000;69,46
AFLT;60;20210215;120000;69,4
AFLT;60;20210215;130000;69,12
AFLT;60;20210215;140000;68,98
AFLT;60;20210215;150000;69,14
AFLT;60;20210215;160000;69,08
AFLT;60;20210215;170000;68,92
AFLT;60;20210215;180000;69,1
AFLT;60;20210215;190000;69,04
AFLT;60;20210215;200000;69,36
AFLT;60;20210215;210000;69,48
AFLT;60;20210215;220000;69,5
AFLT;60;20210215;230000;69,6
AFLT;60;20210216;0;69,62
AFLT;60;20210216;110000;69,42
AFLT;60;20210216;120000;69,36
AFLT;60;20210216;130000;69,24
AFLT;60;20210216;140000;69,24
AFLT;60;20210216;150000;69,04
AFLT;60;20210216;160000;69,14
AFLT;60;20210216;170000;69,14
AFLT;60;20210216;180000;69,18
AFLT;60;20210216;190000;69,28
AFLT;60;20210216;200000;69,18
AFLT;60;20210216;210000;69,22
AFLT;60;20210216;220000;69,18
AFLT;60;20210216;230000;69,2
AFLT;60;20210217;0;69,5
AFLT;60;20210217;110000;69,2
AFLT;60;20210217;120000;69,32
AFLT;60;20210217;130000;69,26
AFLT;60;20210217;140000;69,22
AFLT;60;20210217;150000;69,4
AFLT;60;20210217;160000;69,48
AFLT;60;20210217;170000;69,22
AFLT;60;20210217;180000;69,06
AFLT;60;20210217;190000;69,08
AFLT;60;20210217;200000;69,1
AFLT;60;20210217;210000;69,16
AFLT;60;20210217;220000;69,08
AFLT;60;20210217;230000;69,24
AFLT;60;20210218;0;69,18
AFLT;60;20210218;110000;69,06
AFLT;60;20210218;120000;69,16
AFLT;60;20210218;130000;69,02
AFLT;60;20210218;140000;69
AFLT;60;20210218;150000;69
AFLT;60;20210218;160000;68,94
AFLT;60;20210218;170000;68,88
AFLT;60;20210218;180000;68,94
AFLT;60;20210218;190000;68,64
AFLT;60;20210218;200000;68,76
AFLT;60;20210218;210000;68,78
AFLT;60;20210218;220000;68,84
AFLT;60;20210218;230000;68,84
AFLT;60;20210219;0;68,8
AFLT;60;20210219;110000;68,74
AFLT;60;20210219;120000;68,94
AFLT;60;20210219;130000;69,1
AFLT;60;20210219;140000;69,02
AFLT;60;20210219;150000;68,98
AFLT;60;20210219;160000;68,96
AFLT;60;20210219;170000;68,92
AFLT;60;20210219;180000;69
AFLT;60;20210219;190000;69
AFLT;60;20210219;200000;68,94
AFLT;60;20210219;210000;68,98
AFLT;60;20210219;220000;69,06
AFLT;60;20210219;230000;69,04
AFLT;60;20210220;0;69,02
AFLT;60;20210220;110000;69,08
AFLT;60;20210220;120000;69,26
AFLT;60;20210220;130000;69,16
AFLT;60;20210220;140000;69,12
AFLT;60;20210220;150000;69,06
AFLT;60;20210220;160000;69,06
AFLT;60;20210220;170000;69,14
AFLT;60;20210220;180000;69,16
AFLT;60;20210220;190000;69,06
AFLT;60;20210220;200000;69,06
AFLT;60;20210220;210000;69,12
AFLT;60;20210220;220000;69,14
AFLT;60;20210220;230000;69,12
AFLT;60;20210221;0;69,14
AFLT;60;20210222;110000;69,4
AFLT;60;20210222;120000;69,3
AFLT;60;20210222;130000;69,22
AFLT;60;20210222;140000;69,32
AFLT;60;20210222;150000;69,26
AFLT;60;20210222;160000;69,06
AFLT;60;20210222;170000;69,04
AFLT;60;20210222;180000;69,1
AFLT;60;20210222;190000;69
AFLT;60;20210222;200000;69,12
AFLT;60;20210222;210000;69,14
AFLT;60;20210222;220000;69,22
AFLT;60;20210222;230000;69,2
AFLT;60;20210223;0;69,2
AFLT;60;20210224;110000;69,3
AFLT;60;20210224;120000;69,34
AFLT;60;20210224;130000;69,4
AFLT;60;20210224;140000;69,86
AFLT;60;20210224;150000;70,9
AFLT;60;20210224;160000;70,5
AFLT;60;20210224;170000;70,12
AFLT;60;20210224;180000;69,84
AFLT;60;20210224;190000;69,74
AFLT;60;20210224;200000;70,22
AFLT;60;20210224;210000;70,1
AFLT;60;20210224;220000;70,08
AFLT;60;20210224;230000;70,16
AFLT;60;20210225;0;70,3
AFLT;60;20210225;110000;70,2
AFLT;60;20210225;120000;69,96
AFLT;60;20210225;130000;70,12
AFLT;60;20210225;140000;70,06
AFLT;60;20210225;150000;69,94
AFLT;60;20210225;160000;69,94
AFLT;60;20210225;170000;70,08
AFLT;60;20210225;180000;69,96
AFLT;60;20210225;190000;69,9
AFLT;60;20210225;200000;69,74
AFLT;60;20210225;210000;69,7
AFLT;60;20210225;220000;69,64
AFLT;60;20210225;230000;69,74
AFLT;60;20210226;0;69,44
AFLT;60;20210226;110000;69,44
AFLT;60;20210226;120000;69,64
AFLT;60;20210226;130000;69,68
AFLT;60;20210226;140000;69,82
AFLT;60;20210226;150000;69,74
AFLT;60;20210226;160000;69,9
AFLT;60;20210226;170000;69,84
AFLT;60;20210226;180000;69,68
AFLT;60;20210226;190000;69,58
AFLT;60;20210226;200000;69,66
AFLT;60;20210226;210000;69,64
AFLT;60;20210226;220000;69,56
AFLT;60;20210226;230000;69,5
AFLT;60;20210227;0;69,66
AFLT;60;20210301;110000;69,94
AFLT;60;20210301;120000;69,98
AFLT;60;20210301;130000;69,82
AFLT;60;20210301;140000;69,94
AFLT;60;20210301;150000;69,68
AFLT;60;20210301;160000;69,72
AFLT;60;20210301;170000;69,86
AFLT;60;20210301;180000;70,1
AFLT;60;20210301;190000;70,26
AFLT;60;20210301;200000;70,1
AFLT;60;20210301;210000;70,2
AFLT;60;20210301;220000;70,1
AFLT;60;20210301;230000;70,04
AFLT;60;20210302;0;69,92
AFLT;60;20210302;110000;70,8
AFLT;60;20210302;120000;70,66
AFLT;60;20210302;130000;70,9
AFLT;60;20210302;140000;70,7
AFLT;60;20210302;150000;70,96
AFLT;60;20210302;160000;70,88
AFLT;60;20210302;170000;70,94
AFLT;60;20210302;180000;70,9
AFLT;60;20210302;190000;70,98
AFLT;60;20210302;200000;70,84
AFLT;60;20210302;210000;70,92
AFLT;60;20210302;220000;70,88
AFLT;60;20210302;230000;70,92
AFLT;60;20210303;0;71,1
AFLT;60;20210303;110000;71,06
AFLT;60;20210303;120000;70,88
AFLT;60;20210303;130000;71,22
AFLT;60;20210303;140000;71,42
AFLT;60;20210303;150000;71,24
AFLT;60;20210303;160000;70,9
AFLT;60;20210303;170000;70,36
AFLT;60;20210303;180000;70,8
AFLT;60;20210303;190000;70,92
AFLT;60;20210303;200000;70,78
AFLT;60;20210303;210000;70,92
AFLT;60;20210303;220000;70,96
AFLT;60;20210303;230000;70,76
AFLT;60;20210304;0;70,6
