<TICKER>;<PER>;<DATE>;<TIME>;<CLOSE>;;;;;;;129;7;;;;;;;129,00;39;18526,71359;;129;39;19502,19842
MOEX,MDMG:TQBR;60;20201210;110000;456,05;;;;;;;153,3864261;;;;;;;;;;;;;;
MOEX,MDMG:TQBR;60;20201210;120000;455,25;;;;;;;0,189042062;;;;;;;;;;;;;;
MOEX,MDMG:TQBR;60;20201210;130000;455;;;;;;;;;;;;;;;;;;;;;
MOEX,MDMG:TQBR;60;20201210;140000;452,7;;;;;;;;;;;;;;;;;;;;;
MOEX,MDMG:TQBR;60;20201210;150000;453,4;;;;;;;;;;;;;;;;;;;;;
MOEX,MDMG:TQBR;60;20201210;160000;453,65;;;;;;;;;;;;;;;;;;;;;
MOEX,MDMG:TQBR;60;20201210;170000;455;;;;;;;0;129;;0,686567164;40,7079646;30;70;;129,00;39;17874;;129;39;17874
MOEX,MDMG:TQBR;60;20201210;180000;454,45;;;;;;454,2071429;0;129;;0,741935484;42,59259259;30;70;;129,00;39;17852,55;;129;39;17852,55
MOEX,MDMG:TQBR;60;20201210;190000;455,05;;;;;;454,1785714;0;129;;1,01754386;50,43478261;30;70;;129,00;39;17875,95;;129;39;17875,95
MOEX,MDMG:TQBR;60;20201211;110000;455,5;;;;;;454,25;0;129;;6,090909091;85,8974359;30;70;;129,00;39;17893,5;;129;39;17893,5
MOEX,MDMG:TQBR;60;20201211;120000;455,05;;;;;;454,5857143;0;129;;2,65;72,60273973;30;70;;129,00;39;17875,95;;129;39;17875,95
MOEX,MDMG:TQBR;60;20201211;130000;455,4;;;;;;454,8714286;0;129;;2,75;73,33333333;30;70;;129,00;39;17889,6;;129;39;17889,6
MOEX,MDMG:TQBR;60;20201211;140000;454,45;;;;;;454,9857143;0,283859611;0;;0,717948718;41,79104478;30;70;;17852,55;0;17852,55;;5719,413284;26,69850746;17852,55
MOEX,MDMG:TQBR;60;20201211;150000;455;;;;;;454,9857143;0;129,1561228;;1,392857143;58,20895522;30;70;;17852,55;0;17852,55;;5719,413284;26,69850746;17867,23418
MOEX,MDMG:TQBR;60;20201211;160000;451,9;;;;;;454,6214286;0,285806866;0;;0,3;23,07692308;30;70;;17852,55;0;17852,55;;5719,413284;26,69850746;17784,46881
MOEX,MDMG:TQBR;60;20201211;170000;451,3;;;;;;454,0857143;0,285806866;0;;0,176470588;15;30;70;;17852,55;0;17852,55;;5719,413284;26,69850746;17768,4497
MOEX,MDMG:TQBR;60;20201211;180000;455,7;;;;;;454,1142857;0;130,2421889;;1,139784946;53,26633166;30;70;;0,00;39,1761027;17852,55;;3530,803628;31,50124974;17885,92313
MOEX,MDMG:TQBR;60;20201211;190000;455,6;;;;;;454,1928571;0;130,2421889;;1,042105263;51,03092784;30;70;;0,00;39,1761027;17848,63239;;3530,803628;31,50124974;17882,77301
MOEX,MDMG:TQBR;60;20201214;110000;451,95;;;;;;453,7;0,288178314;0;;0,66442953;39,91935484;30;70;;0,00;39,1761027;17705,63961;;3530,803628;31,50124974;17767,79345
MOEX,MDMG:TQBR;60;20201214;120000;451,7;;;;;;453,3071429;0,288178314;0;;0,571428571;36,36363636;30;70;;0,00;39,1761027;17695,84559;;3530,803628;31,50124974;17759,91814
MOEX,MDMG:TQBR;60;20201214;130000;453;;;;;;453,0214286;0,288178314;0;;1,239130435;55,33980583;30;70;;0,00;39,1761027;17746,77452;;3530,803628;31,50124974;17800,86976
MOEX,MDMG:TQBR;60;20201214;140000;456,4;;;;;;453,6642857;0;131,5245824;;2,275;69,46564885;30;70;;0,00;39,1761027;17879,97327;;3530,803628;31,50124974;17907,97401
MOEX,MDMG:TQBR;60;20201214;150000;454,85;;;;;;454,1714286;0;131,5245824;;0,846846847;45,85365854;30;70;;0,00;39,1761027;17819,25031;;3530,803628;31,50124974;17859,14707
MOEX,MDMG:TQBR;60;20201214;160000;457,4;;;;;;454,4142857;0;131,5245824;;1,330275229;57,08661417;30;70;;0,00;39,1761027;17919,14937;;3530,803628;31,50124974;17939,47526
MOEX,MDMG:TQBR;60;20201214;170000;458,75;;;;;;454,8642857;0;131,5245824;;4,777777778;82,69230769;30;70;;0,00;39,1761027;17972,03711;;3530,803628;31,50124974;17982,00195
MOEX,MDMG:TQBR;60;20201214;180000;461;;;;;;456,1571429;0;131,5245824;;7;87,5;30;70;;0,00;39,1761027;18060,18334;;3530,803628;31,50124974;18052,87976
MOEX,MDMG:TQBR;60;20201214;190000;457,9;;;;;;457,0428571;0;131,5245824;;2,053763441;67,25352113;30;70;;17938,74;0;17938,73743;;6451,241232;25,12335587;17955,22588
MOEX,MDMG:TQBR;60;20201215;110000;460,2;;;;;;458,0714286;0;131,5245824;;1,817204301;64,50381679;30;70;;17938,74;0;17938,73743;;6451,241232;25,12335587;18013,0096
MOEX,MDMG:TQBR;60;20201215;120000;461,5;;;;;;458,8;0;131,5245824;;3,14516129;75,87548638;30;70;;17938,74;0;17938,73743;;6451,241232;25,12335587;18045,66996
MOEX,MDMG:TQBR;60;20201215;130000;462,75;;;;;;459,9285714;0;131,5245824;;2,725806452;73,16017316;30;70;;17938,74;0;17938,73743;;6451,241232;25,12335587;18077,07416
MOEX,MDMG:TQBR;60;20201215;140000;464,55;;;;;;460,95;0;131,5245824;;2,870967742;74,16666667;30;70;;17938,74;0;17938,73743;;6451,241232;25,12335587;18122,2962
MOEX,MDMG:TQBR;60;20201215;150000;464,7;;;;;;461,8;0;131,5245824;;2,193548387;68,68686869;30;70;;17938,74;0;17938,73743;;7090,997973;23,74664672;18126,0647
MOEX,MDMG:TQBR;60;20201215;160000;466,75;;;;;;462,6214286;0;131,5245824;;2,85483871;74,05857741;30;70;;17938,74;0;17938,73743;;7090,997973;23,74664672;18174,74533
MOEX,MDMG:TQBR;60;20201215;170000;464,9;;;;;;463,6214286;0;131,5245824;;3,540540541;77,97619048;30;70;;17938,74;0;17938,73743;;7090,997973;23,74664672;18130,81403
MOEX,MDMG:TQBR;60;20201215;180000;465,95;;;;;;464,4428571;0;131,5245824;;3,405405405;77,3006135;30;70;;17938,74;0;17938,73743;;7090,997973;23,74664672;18155,74801
MOEX,MDMG:TQBR;60;20201215;190000;466,95;;;;;;465,2214286;0;131,5245824;;3,27027027;76,58227848;30;70;;17938,74;0;17938,73743;;7090,997973;23,74664672;18179,49466
MOEX,MDMG:TQBR;60;20201216;110000;466,45;;;;;;465,75;0;131,5245824;;1,808510638;64,39393939;30;70;;17938,74;0;17938,73743;;8441,054388;20,8523249;18167,62134
MOEX,MDMG:TQBR;60;20201216;120000;466,15;;;;;;465,9785714;0;131,5245824;;1,547169811;60,74074074;30;70;;17938,74;0;17938,73743;;8441,054388;20,8523249;18161,36564
MOEX,MDMG:TQBR;60;20201216;130000;466,15;;;;;;466,1857143;0,282150772;0;;0,773584906;43,61702128;30;70;;17938,74;0;17938,73743;;8441,054388;20,8523249;18161,36564
MOEX,MDMG:TQBR;60;20201216;140000;466,2;;;;;;466,1071429;0;131,5386899;;2,625;72,4137931;30;70;;17938,74;0;17938,73743;;8441,054388;20,8523249;18162,40825
MOEX,MDMG:TQBR;60;20201216;150000;457;;;;;;464,9785714;0,287830831;0;;0,105;9,502262443;30;70;;17938,74;0;17938,73743;;14436,21655;7,733808126;17970,56687
MOEX,MDMG:TQBR;60;20201216;160000;458,1;;;;;;463,8571429;0,287830831;0;;0,115;10,31390135;30;70;;17938,74;0;17938,73743;;14436,21655;7,733808126;17979,07405
MOEX,MDMG:TQBR;60;20201216;170000;458,1;;;;;;462,5928571;0,287830831;0;;0,121052632;10,79812207;30;70;;17938,74;0;17938,73743;;14436,21655;7,733808126;17979,07405
MOEX,MDMG:TQBR;60;20201216;180000;457,8;;;;;;461,3571429;0,287830831;0;;0,121052632;10,79812207;30;70;;17938,74;0;17938,73743;;14436,21655;7,733808126;17976,75391
MOEX,MDMG:TQBR;60;20201216;190000;456;;;;;;459,9071429;0,287830831;0;;0,101769912;9,236947791;30;70;;17938,74;0;17938,73743;;14436,21655;7,733808126;17962,83306
MOEX,MDMG:TQBR;60;20201217;110000;457,95;;;;;;458,7357143;0,287830831;0;;0,269911504;21,2543554;30;70;;17938,74;0;17938,73743;;14436,21655;7,733808126;17977,91398
MOEX,MDMG:TQBR;60;20201217;120000;452;;;;;;456,7071429;0,287830831;0;;0,378881988;27,47747748;30;70;;17938,74;0;17938,73743;;14436,21655;7,733808126;17931,89782
MOEX,MDMG:TQBR;60;20201217;130000;448,45;;;;;;455,4857143;0,287830831;0;;0,168103448;14,39114391;30;70;;17938,74;0;17938,73743;;14436,21655;7,733808126;17904,44281
MOEX,MDMG:TQBR;60;20201217;140000;448,9;;;;;;454,1714286;0,287830831;0;;0,206896552;17,14285714;30;70;;17938,74;0;17938,73743;;14436,21655;7,733808126;17907,92302
MOEX,MDMG:TQBR;60;20201217;150000;447;;;;;;452,5857143;0,287830831;0;;0,181818182;15,38461538;30;70;;17938,74;0;17938,73743;;14436,21655;7,733808126;17893,22878
MOEX,MDMG:TQBR;60;20201217;160000;449;;;;;;451,3285714;0,287830831;0;;0,385964912;27,84810127;30;70;;17938,74;0;17938,73743;;14436,21655;7,733808126;17908,6964
MOEX,MDMG:TQBR;60;20201217;170000;449,1;;;;;;450,3428571;0,287830831;0;;0,223684211;18,27956989;30;70;;17938,74;0;17938,73743;;14436,21655;7,733808126;17909,46978
MOEX,MDMG:TQBR;60;20201217;180000;453;;;;;;449,6357143;0;130,3873666;;1,183486239;54,20168067;30;70;;0,00;39,59986187;17938,73743;;9250,42285;19,18147634;17939,63163
MOEX,MDMG:TQBR;60;20201217;190000;450,25;;;;;;449,3857143;0;130,3873666;;1,387096774;58,10810811;30;70;;0,00;39,59986187;17829,83781;;9250,42285;19,18147634;17886,88257
MOEX,MDMG:TQBR;60;20201218;110000;449,85;;;;;;449,5857143;0;130,3873666;;1,188118812;54,29864253;30;70;;0,00;39,59986187;17813,99786;;9250,42285;19,18147634;17879,20998
MOEX,MDMG:TQBR;60;20201218;120000;450,55;;;;;;449,8214286;0;130,3873666;;2,126984127;68,02030457;30;70;;0,00;39,59986187;17841,71776;;9250,42285;19,18147634;17892,63702
MOEX,MDMG:TQBR;60;20201218;130000;450,5;;;;;;450,3214286;0;130,3873666;;1,46875;59,49367089;30;70;;0,00;39,59986187;17839,73777;;9250,42285;19,18147634;17891,67794
MOEX,MDMG:TQBR;60;20201218;140000;450,15;;;;;;450,4857143;0,289653152;0;;1,295774648;56,44171779;30;70;;0,00;39,59986187;17825,87782;;9250,42285;19,18147634;17884,96443
MOEX,MDMG:TQBR;60;20201218;150000;450,4;;;;;;450,6714286;0,289653152;0;;0,267605634;21,11111111;30;70;;0,00;39,59986187;17835,77779;;9250,42285;19,18147634;17889,75979
MOEX,MDMG:TQBR;60;20201218;160000;450,95;;;;;;450,3785714;0;130,6190891;;1,875;65,2173913;30;70;;0,00;39,59986187;17857,55771;;5170,405429;28,22908122;17900,30961
MOEX,MDMG:TQBR;60;20201218;170000;451;;;;;;450,4857143;0;130,6190891;;3,875;79,48717949;30;70;;0,00;39,59986187;17859,5377;;5170,405429;28,22908122;17901,72106
MOEX,MDMG:TQBR;60;20201218;180000;451,7;;;;;;450,75;0;130,6190891;;3,875;79,48717949;30;70;;0,00;39,59986187;17887,25761;;5170,405429;28,22908122;17921,48142
MOEX,MDMG:TQBR;60;20201218;190000;451,65;;;;;;450,9071429;0;130,6190891;;3,875;79,48717949;30;70;;0,00;39,59986187;17885,27761;;5170,405429;28,22908122;17920,06996
MOEX,MDMG:TQBR;60;20201221;110000;450,95;;;;;;450,9714286;0,289653152;0;;2,066666667;67,39130435;30;70;;17857,56;0;17857,55771;;6710,198743;24,81452681;17900,30961
MOEX,MDMG:TQBR;60;20201221;120000;450,5;;;;;;451,0214286;0,289653152;0;;1,083333333;52;30;70;;17857,56;0;17857,55771;;6710,198743;24,81452681;17889,14307
MOEX,MDMG:TQBR;60;20201221;130000;450,5;;;;;;451,0357143;0,289653152;0;;0,625;38,46153846;30;70;;17857,56;0;17857,55771;;6710,198743;24,81452681;17889,14307
MOEX,MDMG:TQBR;60;20201221;140000;451,5;;;;;;451,1142857;0;130,7783983;;1,416666667;58,62068966;30;70;;17857,56;0;17857,55771;;6710,198743;24,81452681;17913,9576
MOEX,MDMG:TQBR;60;20201221;150000;451;;;;;;451,1142857;0,289974276;0;;0,588235294;37,03703704;30;70;;17857,56;0;17857,55771;;6710,198743;24,81452681;17901,55033
MOEX,MDMG:TQBR;60;20201221;160000;451,45;;;;;;451,0785714;0;130,9088868;;0,878787879;46,77419355;30;70;;17857,56;0;17857,55771;;6710,198743;24,81452681;17912,71687
MOEX,MDMG:TQBR;60;20201221;170000;449;;;;;;450,7;0,291556541;0;;0,426470588;29,89690722;30;70;;17857,56;0;17857,55771;;6710,198743;24,81452681;17851,92128
MOEX,MDMG:TQBR;60;20201221;180000;451;;;;;;450,7071429;0;131,4919998;;1,169491525;53,90625;30;70;;0,00;39,59547164;17857,55771;;5099,124125;28,38675434;17901,55033
MOEX,MDMG:TQBR;60;20201221;190000;451,4;;;;;;450,8357143;0;131,4919998;;1,305084746;56,61764706;30;70;;0,00;39,59547164;17873,3959;;5099,124125;28,38675434;17912,90503
MOEX,MDMG:TQBR;60;20201222;110000;450,9;;;;;;450,8928571;0;131,4919998;;0,826086957;45,23809524;30;70;;0,00;39,59547164;17853,59816;;5099,124125;28,38675434;17898,71166
MOEX,MDMG:TQBR;60;20201222;120000;451,7;;;;;;450,9214286;0;131,4919998;;1,237288136;55,3030303;30;70;;0,00;39,59547164;17885,27454;;5099,124125;28,38675434;17921,42106
MOEX,MDMG:TQBR;60;20201222;130000;449,45;;;;;;450,7;0,29256202;0;;0,615384615;38,0952381;30;70;;0,00;39,59547164;17796,18473;;5099,124125;28,38675434;17857,55086
MOEX,MDMG:TQBR;60;20201222;140000;451,9;;;;;;450,7642857;0;132,2087768;;2,054545455;67,26190476;30;70;;0,00;39,59547164;17893,19363;;5099,124125;28,38675434;17927,09841
MOEX,MDMG:TQBR;60;20201222;150000;450,3;;;;;;450,95;0,293601547;0;;0,83908046;45,625;30;70;;0,00;39,59547164;17829,84088;;5099,124125;28,38675434;17881,6796
MOEX,MDMG:TQBR;60;20201222;160000;451,1;;;;;;450,9642857;0;132,443658;;0,931034483;48,21428571;30;70;;0,00;39,59547164;17861,51726;;5099,124125;28,38675434;17904,38901
MOEX,MDMG:TQBR;60;20201222;170000;451,3;;;;;;450,95;0;132,443658;;1,103896104;52,4691358;30;70;;0,00;39,59547164;17869,43635;;5099,124125;28,38675434;17910,06636
MOEX,MDMG:TQBR;60;20201222;180000;451,2;;;;;;450,9928571;0;132,443658;;0,873417722;46,62162162;30;70;;0,00;39,59547164;17865,4768;;5099,124125;28,38675434;17907,22768
MOEX,MDMG:TQBR;60;20201222;190000;451,7;;;;;;450,9928571;0;132,443658;;2,323529412;69,91150442;30;70;;0,00;39,59547164;17885,27454;;5099,124125;28,38675434;17921,42106
MOEX,MDMG:TQBR;60;20201223;110000;452,6;;;;;;451,4428571;0;132,443658;;1,411764706;58,53658537;30;70;;0,00;39,59547164;17920,91046;;5099,124125;28,38675434;17946,96914
MOEX,MDMG:TQBR;60;20201223;120000;453,35;;;;;;451,65;0;132,443658;;31,5;96,92307692;30;70;;0,00;39,59547164;17950,60707;;5099,124125;28,38675434;17968,25921
MOEX,MDMG:TQBR;60;20201223;130000;453,75;;;;;;452,1428571;0;132,443658;;27,5;96,49122807;30;70;;0,00;39,59547164;17966,44526;;5099,124125;28,38675434;17979,61391
MOEX,MDMG:TQBR;60;20201223;140000;452,55;;;;;;452,35;0;132,443658;;1,961538462;66,23376623;30;70;;17918,93;0;17918,93069;;8986,126472;19,79764298;17945,5498
MOEX,MDMG:TQBR;60;20201223;150000;452;;;;;;452,45;0,293016943;0;;1,457142857;59,30232558;30;70;;17918,93;0;17918,93069;;8986,126472;19,79764298;17934,6611
MOEX,MDMG:TQBR;60;20201223;160000;452,45;;;;;;452,6285714;0,293016943;0;;1,428571429;58,82352941;30;70;;17918,93;0;17918,93069;;8986,126472;19,79764298;17943,57004
MOEX,MDMG:TQBR;60;20201223;170000;452;;;;;;452,6714286;0,293016943;0;;0,727272727;42,10526316;30;70;;17918,93;0;17918,93069;;8986,126472;19,79764298;17934,6611
MOEX,MDMG:TQBR;60;20201223;180000;451,85;;;;;;452,5642857;0,293016943;0;;0,361702128;26,5625;30;70;;17918,93;0;17918,93069;;8986,126472;19,79764298;17931,69145
MOEX,MDMG:TQBR;60;20201223;190000;451;;;;;;452,2285714;0,293016943;0;;0,140625;12,32876712;30;70;;17918,93;0;17918,93069;;8986,126472;19,79764298;17914,86346
MOEX,MDMG:TQBR;60;20201224;110000;451;;;;;;451,8357143;0,293016943;0;;0,225;18,36734694;30;70;;17918,93;0;17918,93069;;8986,126472;19,79764298;17914,86346
MOEX,MDMG:TQBR;60;20201224;120000;447,7;;;;;;451,1428571;0,293016943;0;;0,094736842;8,653846154;30;70;;17918,93;0;17918,93069;;8986,126472;19,79764298;17849,53123
MOEX,MDMG:TQBR;60;20201224;130000;450,3;;;;;;450,9;0,293016943;0;;0,547368421;35,37414966;30;70;;0,00;39,7933171;17918,93069;;6585,006205;25,12991095;17901,00511
MOEX,MDMG:TQBR;60;20201224;140000;450,1;;;;;;450,5642857;0,293016943;0;;0,577777778;36,61971831;30;70;;0,00;39,7933171;17910,97203;;6585,006205;25,12991095;17895,97912
MOEX,MDMG:TQBR;60;20201224;150000;449,35;;;;;;450,1857143;0,293016943;0;;0,509803922;33,76623377;30;70;;0,00;39,7933171;17881,12704;;6585,006205;25,12991095;17877,13169
MOEX,MDMG:TQBR;60;20201224;160000;449,4;;;;;;449,8357143;0,293016943;0;;0,623529412;38,4057971;30;70;;0,00;39,7933171;17883,1167;;6585,006205;25,12991095;17878,38819
MOEX,MDMG:TQBR;60;20201224;170000;448,5;;;;;;449,4785714;0,293016943;0;;0,514563107;33,97435897;30;70;;0,00;39,7933171;17847,30272;;6585,006205;25,12991095;17855,77127
MOEX,MDMG:TQBR;60;20201224;180000;448,55;;;;;;449,1285714;0,293016943;0;;1,459459459;59,34065934;30;70;;0,00;39,7933171;17849,29239;;6585,006205;25,12991095;17857,02776
MOEX,MDMG:TQBR;60;20201224;190000;451;;;;;;449,6;0;132,1506411;;1,378378378;57,95454545;30;70;;0,00;39,7933171;17946,78601;;6585,006205;25,12991095;17918,59604
MOEX,MDMG:TQBR;60;20201225;110000;450,9;;;;;;449,6857143;0;132,1506411;;1,457142857;59,30232558;30;70;;0,00;39,7933171;17942,80668;;6585,006205;25,12991095;17916,08305
MOEX,MDMG:TQBR;60;20201225;120000;450,85;;;;;;449,7928571;0;132,1506411;;2,428571429;70,83333333;30;70;;0,00;39,7933171;17940,81701;;6585,006205;25,12991095;17914,82656
MOEX,MDMG:TQBR;60;20201225;130000;450,9;;;;;;450,0142857;0;132,1506411;;2,428571429;70,83333333;30;70;;0,00;39,7933171;17942,80668;;6585,006205;25,12991095;17916,08305
MOEX,MDMG:TQBR;60;20201225;140000;450,8;;;;;;450,2142857;0;132,1506411;;10,2;91,07142857;30;70;;0,00;39,7933171;17938,82735;;6585,006205;25,12991095;17913,57006
MOEX,MDMG:TQBR;60;20201225;150000;450,9;;;;;;450,5571429;0;132,1506411;;10,4;91,22807018;30;70;;0,00;39,7933171;17942,80668;;6585,006205;25,12991095;17916,08305
MOEX,MDMG:TQBR;60;20201225;160000;449,05;;;;;;450,6285714;0,294289369;0;;0,071428571;6,666666667;30;70;;17869,19;0;17869,18904;;16127,41094;3,87970555;17869,59272
MOEX,MDMG:TQBR;60;20201225;170000;449,5;;;;;;450,4142857;0,294289369;0;;0,3;23,07692308;30;70;;17869,19;0;17869,18904;;16127,41094;3,87970555;17871,33858
MOEX,MDMG:TQBR;60;20201225;180000;452,05;;;;;;450,5785714;0;133,0335092;;1,615384615;61,76470588;30;70;;0,00;39,52923138;17869,18904;;9888,073223;17,68202325;17881,23183
MOEX,MDMG:TQBR;60;20201225;190000;452,05;;;;;;450,75;0;133,0335092;;1,58974359;61,38613861;30;70;;0,00;39,52923138;17869,18904;;9888,073223;17,68202325;17881,23183
MOEX,MDMG:TQBR;60;20201228;110000;451,2;;;;;;450,7928571;0;133,0335092;;1,148148148;53,44827586;30;70;;0,00;39,52923138;17835,5892;;9888,073223;17,68202325;17866,20211
MOEX,MDMG:TQBR;60;20201228;120000;451,4;;;;;;450,8785714;0;133,0335092;;1,185185185;54,23728814;30;70;;0,00;39,52923138;17843,49504;;9888,073223;17,68202325;17869,73852
MOEX,MDMG:TQBR;60;20201228;130000;451,8;;;;;;451,0071429;0;133,0335092;;4,235294118;80,8988764;30;70;;0,00;39,52923138;17859,30674;;9888,073223;17,68202325;17876,81133
MOEX,MDMG:TQBR;60;20201228;140000;451,75;;;;;;451,3928571;0;133,0335092;;3,5;77,77777778;30;70;;0,00;39,52923138;17857,33027;;9888,073223;17,68202325;17875,92723
MOEX,MDMG:TQBR;60;20201228;150000;450,5;;;;;;451,5357143;0,295301907;0;;0,279069767;21,81818182;30;70;;17807,92;0;17807,91874;;14345,67556;7,787234482;17853,8247
MOEX,MDMG:TQBR;60;20201228;160000;450,8;;;;;;451,3571429;0,295301907;0;;0,418604651;29,50819672;30;70;;17807,92;0;17807,91874;;14345,67556;7,787234482;17856,16087
MOEX,MDMG:TQBR;60;20201228;170000;451,1;;;;;;451,2214286;0,295301907;0;;0,923076923;48;30;70;;0,00;39,47665426;17807,91874;;11692,90146;13,66791305;17858,49704
MOEX,MDMG:TQBR;60;20201228;180000;451,75;;;;;;451,3;0;133,4026366;;1,269230769;55,93220339;30;70;;0,00;39,47665426;17833,57856;;11692,90146;13,66791305;17867,38118
MOEX,MDMG:TQBR;60;20201228;190000;451,6;;;;;;451,3285714;0;133,4026366;;0,862068966;46,2962963;30;70;;0,00;39,47665426;17827,65706;;11692,90146;13,66791305;17865,33099
MOEX,MDMG:TQBR;60;20201229;110000;451,8;;;;;;451,3285714;0;133,4026366;;1,035714286;50,87719298;30;70;;0,00;39,47665426;17835,55239;;11692,90146;13,66791305;17868,06458
MOEX,MDMG:TQBR;60;20201229;120000;448,9;;;;;;450,9214286;0,297176736;0;;0,475409836;32,22222222;30;70;;0,00;39,47665426;17721,0701;;11692,90146;13,66791305;17828,42763
MOEX,MDMG:TQBR;60;20201229;130000;452,65;;;;;;451,2285714;0;134,5170493;;1,606557377;61,63522013;30;70;;0,00;39,47665426;17869,10755;;11692,90146;13,66791305;17879,6823
MOEX,MDMG:TQBR;60;20201229;140000;453;;;;;;451,5428571;0;134,5170493;;1,62295082;61,875;30;70;;0,00;39,47665426;17882,92438;;11692,90146;13,66791305;17884,46607
MOEX,MDMG:TQBR;60;20201229;150000;450,6;;;;;;451,4714286;0,298528738;0;;0,788990826;44,1025641;30;70;;0,00;39,47665426;17788,18041;;11692,90146;13,66791305;17851,66308
MOEX,MDMG:TQBR;60;20201229;160000;453,75;;;;;;451,7571429;0;135,4574149;;1,405660377;58,43137255;30;70;;0,00;39,47665426;17912,53187;;11692,90146;13,66791305;17894,71701
MOEX,MDMG:TQBR;60;20201229;170000;451;;;;;;451,6714286;0,300349035;0;;0,900621118;47,38562092;30;70;;0,00;39,47665426;17803,97107;;11692,90146;13,66791305;17857,13025
MOEX,MDMG:TQBR;60;20201229;180000;451,1;;;;;;451,5714286;0,300349035;0;;1,427184466;58,8;30;70;;0,00;39,47665426;17807,91874;;11692,90146;13,66791305;17858,49704
MOEX,MDMG:TQBR;60;20201229;190000;451,55;;;;;;451,95;0,300349035;0;;0,786407767;44,02173913;30;70;;0,00;39,47665426;17825,68323;;11692,90146;13,66791305;17864,6476
MOEX,MDMG:TQBR;60;20201230;110000;452,9;;;;;;451,9857143;0;136,028078;;0,980582524;49,50980392;30;70;;0,00;39,47665426;17878,97671;;11692,90146;13,66791305;17883,09928
MOEX,MDMG:TQBR;60;20201230;120000;453,25;;;;;;452,0214286;0;136,028078;;1,963636364;66,25766871;30;70;;0,00;39,47665426;17892,79354;;11692,90146;13,66791305;17887,88305
MOEX,MDMG:TQBR;60;20201230;130000;454,25;;;;;;452,5428571;0;136,028078;;1,181818182;54,16666667;30;70;;0,00;39,47665426;17932,2702;;11692,90146;13,66791305;17901,55096
MOEX,MDMG:TQBR;60;20201230;140000;454,55;;;;;;452,6571429;0;136,028078;;1,290909091;56,34920635;30;70;;0,00;39,47665426;17944,11319;;11692,90146;13,66791305;17905,65134
MOEX,MDMG:TQBR;60;20201230;150000;454,2;;;;;;453,1142857;0;136,028078;;9,857142857;90,78947368;30;70;;0,00;39,47665426;17930,29636;;11692,90146;13,66791305;17900,86757
MOEX,MDMG:TQBR;60;20201230;160000;455,95;;;;;;453,8071429;0;136,028078;;13,57142857;93,1372549;30;70;;0,00;39,47665426;17999,38051;;11692,90146;13,66791305;17924,78642
MOEX,MDMG:TQBR;60;20201230;170000;457,5;;;;;;454,6571429;0;136,028078;;14,14285714;93,39622642;30;70;;0,00;39,47665426;18060,56932;;11692,90146;13,66791305;17945,97168
MOEX,MDMG:TQBR;60;20201230;180000;458,05;;;;;;455,3928571;0;136,028078;;14,71428571;93,63636364;30;70;;0,00;39,47665426;18082,28148;;11692,90146;13,66791305;17953,48903
MOEX,MDMG:TQBR;60;20201230;190000;457,4;;;;;;455,9857143;0;136,028078;;4,15;80,58252427;30;70;;0,00;39,47665426;18056,62166;;11692,90146;13,66791305;17944,60489
MOEX,MDMG:TQBR;60;20210104;110000;456,05;;;;;;456,2428571;0,298274483;0;;1,638297872;62,09677419;30;70;;18003,33;0;18003,32817;;12845,1648;11,14129681;17926,15321
MOEX,MDMG:TQBR;60;20210104;120000;457,8;;;;;;456,7071429;0;136,5500584;;2,8;73,68421053;30;70;;18003,33;0;18003,32817;;12845,1648;11,14129681;17945,65048
MOEX,MDMG:TQBR;60;20210104;130000;457,55;;;;;;457,1857143;0;136,5500584;;1,711111111;63,1147541;30;70;;18003,33;0;18003,32817;;13383,96402;9,963722295;17942,86515
MOEX,MDMG:TQBR;60;20210104;140000;457,75;;;;;;457,4428571;0;136,5500584;;1,111111111;52,63157895;30;70;;18003,33;0;18003,32817;;13383,96402;9,963722295;17944,8579
MOEX,MDMG:TQBR;60;20210104;150000;458,3;;;;;;457,5571429;0;136,5500584;;1,111111111;52,63157895;30;70;;18003,33;0;18003,32817;;13383,96402;9,963722295;17950,33794
MOEX,MDMG:TQBR;60;20210104;160000;457,65;;;;;;457,5;0;136,5500584;;1,111111111;52,63157895;30;70;;18003,33;0;18003,32817;;13383,96402;9,963722295;17943,86152
MOEX,MDMG:TQBR;60;20210104;170000;459,6;;;;;;457,8142857;0;136,5500584;;4,944444444;83,17757009;30;70;;18003,33;0;18003,32817;;13383,96402;9,963722295;17963,29078
MOEX,MDMG:TQBR;60;20210104;180000;459;;;;;;458,2357143;0;136,5500584;;1,8;64,28571429;30;70;;18003,33;0;18003,32817;;14247,95443;8,081390246;17957,31255
MOEX,MDMG:TQBR;60;20210104;190000;460;;;;;;458,55;0;136,5500584;;2,96;74,74747475;30;70;;18003,33;0;18003,32817;;14247,95443;8,081390246;17965,39394
MOEX,MDMG:TQBR;60;20210105;110000;466;;;;;;459,7571429;0;136,5500584;;7,6;88,37209302;30;70;;18003,33;0;18003,32817;;14247,95443;8,081390246;18013,88228
MOEX,MDMG:TQBR;60;20210105;120000;467,25;;;;;;461,1142857;0;136,5500584;;8,16;89,08296943;30;70;;18003,33;0;18003,32817;;14247,95443;8,081390246;18023,98402
MOEX,MDMG:TQBR;60;20210105;130000;467,9;;;;;;462,4857143;0;136,5500584;;18,08333333;94,75982533;30;70;;18003,33;0;18003,32817;;14247,95443;8,081390246;18029,23692
MOEX,MDMG:TQBR;60;20210105;140000;465,65;;;;;;463,6285714;0;136,5500584;;3,122807018;75,74468085;30;70;;18003,33;0;18003,32817;;14247,95443;8,081390246;18011,05379
MOEX,MDMG:TQBR;60;20210105;150000;463,8;;;;;;464,2285714;0,294415822;0;;2,170731707;68,46153846;30;70;;18003,33;0;18003,32817;;14520,93744;7,492811087;17996,10322
MOEX,MDMG:TQBR;60;20210105;160000;466,4;;;;;;465,2857143;0;137,3155395;;2,56097561;71,91780822;30;70;;18003,33;0;18003,32817;;14520,93744;7,492811087;18015,58453
MOEX,MDMG:TQBR;60;20210105;170000;466,5;;;;;;466,2142857;0;137,3155395;;1,12195122;52,87356322;30;70;;18003,33;0;18003,32817;;15186,60929;6,065861786;18016,33381
MOEX,MDMG:TQBR;60;20210105;180000;466,3;;;;;;466,2571429;0;137,3155395;;0,779069767;43,79084967;30;70;;18003,33;0;18003,32817;;15186,60929;6,065861786;18015,12064
MOEX,MDMG:TQBR;60;20210105;190000;462,25;;;;;;465,5428571;0,297059036;0;;0,323353293;24,43438914;30;70;;18003,33;0;18003,32817;;15186,60929;6,065861786;17990,5539
MOEX,MDMG:TQBR;60;20210106;110000;460,9;;;;;;464,5428571;0,297059036;0;;0,362416107;26,60098522;30;70;;18003,33;0;18003,32817;;15186,60929;6,065861786;17982,36499
MOEX,MDMG:TQBR;60;20210106;120000;466,35;;;;;;464,6428571;0;138,5334816;;1,455357143;59,27272727;30;70;;0,00;38,60475646;18003,32817;;10224,87948;16,70535962;18015,42393
MOEX,MDMG:TQBR;60;20210106;130000;462,15;;;;;;464,4071429;0,299758696;0;;0,566326531;36,15635179;30;70;;0,00;38,60475646;17841,1882;;10224,87948;16,70535962;17945,26142
MOEX,MDMG:TQBR;60;20210106;140000;465,35;;;;;;464,2571429;0;139,4927094;;0,882653061;46,88346883;30;70;;0,00;38,60475646;17964,72342;;10224,87948;16,70535962;17998,71857
MOEX,MDMG:TQBR;60;20210106;150000;460,95;;;;;;463,4642857;0,302620044;0;;0,617857143;38,18984547;30;70;;0,00;38,60475646;17794,86249;;10224,87948;16,70535962;17925,21499
MOEX,MDMG:TQBR;60;20210106;160000;465;;;;;;463,2785714;0;140,7183206;;1,27638191;56,07064018;30;70;;0,00;38,60475646;17951,21175;;10224,87948;16,70535962;17992,8717
MOEX,MDMG:TQBR;60;20210106;170000;466;;;;;;463,8142857;0;140,7183206;;1,593023256;61,43497758;30;70;;0,00;38,60475646;17989,81651;;10224,87948;16,70535962;18009,57706
MOEX,MDMG:TQBR;60;20210106;180000;465;;;;;;464,4;0;140,7183206;;0,859375;46,21848739;30;70;;0,00;38,60475646;17951,21175;;10224,87948;16,70535962;17992,8717
MOEX,MDMG:TQBR;60;20210106;190000;461,95;;;;;;463,7714286;0,304618077;0;;0,976331361;49,4011976;30;70;;0,00;38,60475646;17833,46725;;10224,87948;16,70535962;17941,92035
MOEX,MDMG:TQBR;60;20210108;110000;465,25;;;;;;464,2142857;0;141,7235602;;0,98816568;49,70238095;30;70;;0,00;38,60475646;17960,86294;;10224,87948;16,70535962;17997,04804
MOEX,MDMG:TQBR;60;20210108;120000;466,9;;;;;;464,4357143;0;141,7235602;;2,469135802;71,17437722;30;70;;0,00;38,60475646;18024,56079;;10224,87948;16,70535962;18024,61188
MOEX,MDMG:TQBR;60;20210108;130000;465,35;;;;;;465,0642857;0;141,7235602;;1,0625;51,51515152;30;70;;17964,72;0;17964,72342;;11753,15605;13,42121526;17998,71857
MOEX,MDMG:TQBR;60;20210108;140000;466,75;;;;;;465,3142857;0;141,7235602;;1,133928571;53,13807531;30;70;;17964,72;0;17964,72342;;11753,15605;13,42121526;18017,50828
MOEX,MDMG:TQBR;60;20210108;150000;465,7;;;;;;465,2714286;0;141,7235602;;1,123893805;52,91666667;30;70;;17964,72;0;17964,72342;;11753,15605;13,42121526;18003,416
MOEX,MDMG:TQBR;60;20210108;160000;466,9;;;;;;465,5428571;0;141,7235602;;2,903846154;74,38423645;30;70;;17964,72;0;17964,72342;;11753,15605;13,42121526;18019,52146
MOEX,MDMG:TQBR;60;20210108;170000;465,95;;;;;;466,1142857;0,304160447;0;;1,197183099;54,48717949;30;70;;17964,72;0;17964,72342;;12997,44144;10,75078842;18006,7713
MOEX,MDMG:TQBR;60;20210108;180000;465,95;;;;;;466,2142857;0,304160447;0;;0,732394366;42,27642276;30;70;;17964,72;0;17964,72342;;12997,44144;10,75078842;18006,7713
MOEX,MDMG:TQBR;60;20210108;190000;465,5;;;;;;466,0142857;0,304160447;0;;1,06122449;51,48514851;30;70;;17964,72;0;17964,72342;;12997,44144;10,75078842;18001,93345
MOEX,MDMG:TQBR;60;20210111;110000;469;;;;;;466,5357143;0;142,6512496;;1,918367347;65,73426573;30;70;;17964,72;0;17964,72342;;12997,44144;10,75078842;18039,56121
MOEX,MDMG:TQBR;60;20210111;120000;465,65;;;;;;466,3785714;0,306348652;0;;0,989473684;49,73544974;30;70;;17964,72;0;17964,72342;;12997,44144;10,75078842;18003,54607
MOEX,MDMG:TQBR;60;20210111;130000;466,9;;;;;;466,55;0;143,0341854;;1;50;30;70;;17964,72;0;17964,72342;;12997,44144;10,75078842;18016,98455
MOEX,MDMG:TQBR;60;20210111;140000;469,8;;;;;;466,9642857;0;143,0341854;;2,013157895;66,81222707;30;70;;17964,72;0;17964,72342;;12997,44144;10,75078842;18048,16184
MOEX,MDMG:TQBR;60;20210111;150000;468;;;;;;467,2571429;0;143,0341854;;1,366071429;57,73584906;30;70;;17964,72;0;17964,72342;;12997,44144;10,75078842;18028,81042
MOEX,MDMG:TQBR;60;20210111;160000;468,65;;;;;;467,6428571;0;143,0341854;;1,611650485;61,71003717;30;70;;17964,72;0;17964,72342;;12997,44144;10,75078842;18035,79843
MOEX,MDMG:TQBR;60;20210111;170000;470;;;;;;468,2857143;0;143,0341854;;1,194174757;54,42477876;30;70;;17964,72;0;17964,72342;;12997,44144;10,75078842;18050,312
MOEX,MDMG:TQBR;60;20210111;180000;470,45;;;;;;468,4928571;0;143,0341854;;3,666666667;78,57142857;30;70;;17964,72;0;17964,72342;;12997,44144;10,75078842;18055,14985
MOEX,MDMG:TQBR;60;20210111;190000;471,85;;;;;;469,3785714;0;143,0341854;;3,75;78,94736842;30;70;;17964,72;0;17964,72342;;12997,44144;10,75078842;18070,20095
MOEX,MDMG:TQBR;60;20210112;110000;472,25;;;;;;470,1428571;0;143,0341854;;2,361111111;70,24793388;30;70;;17964,72;0;17964,72342;;12997,44144;10,75078842;18074,50127
MOEX,MDMG:TQBR;60;20210112;120000;473,35;;;;;;470,65;0;143,0341854;;2,972222222;74,82517483;30;70;;17964,72;0;17964,72342;;12997,44144;10,75078842;18086,32714
MOEX,MDMG:TQBR;60;20210112;130000;471,5;;;;;;471,15;0;143,0341854;;2,540540541;71,75572519;30;70;;17964,72;0;17964,72342;;12997,44144;10,75078842;18066,43818
MOEX,MDMG:TQBR;60;20210112;140000;471,6;;;;;;471,5714286;0;143,0341854;;1,864864865;65,09433962;30;70;;17964,72;0;17964,72342;;13335,17847;10,03463695;18067,51326
MOEX,MDMG:TQBR;60;20210112;150000;471,6;;;;;;471,8;0,303295559;0;;1,621621622;61,8556701;30;70;;17964,72;0;17964,72342;;13335,17847;10,03463695;18067,51326
MOEX,MDMG:TQBR;60;20210112;160000;471,25;;;;;;471,9142857;0,303295559;0;;0,727272727;42,10526316;30;70;;17964,72;0;17964,72342;;13335,17847;10,03463695;18064,00113
MOEX,MDMG:TQBR;60;20210112;170000;470;;;;;;471,65;0,303295559;0;;0,347826087;25,80645161;30;70;;17964,72;0;17964,72342;;13335,17847;10,03463695;18051,45784
MOEX,MDMG:TQBR;60;20210112;180000;467,55;;;;;;470,9785714;0,303295559;0;;0,016949153;1,666666667;30;70;;17964,72;0;17964,72342;;13335,17847;10,03463695;18026,87298
MOEX,MDMG:TQBR;60;20210112;190000;467,25;;;;;;470,1071429;0,303295559;0;;0,022988506;2,247191011;30;70;;17964,72;0;17964,72342;;13335,17847;10,03463695;18023,86259
MOEX,MDMG:TQBR;60;20210113;110000;465,6;;;;;;469,2642857;0,303295559;0;;0;0;30;70;;17964,72;0;17964,72342;;13335,17847;10,03463695;18007,30544
MOEX,MDMG:TQBR;60;20210113;120000;466,35;;;;;;468,5142857;0,303295559;0;;0,125;11,11111111;30;70;;17964,72;0;17964,72342;;13335,17847;10,03463695;18014,83141
MOEX,MDMG:TQBR;60;20210113;130000;470;;;;;;468,2857143;0;142,5489125;;0,778761062;43,78109453;30;70;;0,00;38,22281578;17964,72342;;8978,577877;19,30399992;18051,45784
MOEX,MDMG:TQBR;60;20210113;140000;470,65;;;;;;468,2;0;142,5489125;;1,147727273;53,43915344;30;70;;0,00;38,22281578;17989,56825;;8978,577877;19,30399992;18064,00544
MOEX,MDMG:TQBR;60;20210113;150000;470,65;;;;;;468,2928571;0;142,5489125;;2,58974359;72,14285714;30;70;;0,00;38,22281578;17989,56825;;8978,577877;19,30399992;18064,00544
MOEX,MDMG:TQBR;60;20210113;160000;468,5;;;;;;468,4285714;0;142,5489125;;1,328947368;57,06214689;30;70;;17907,39;0;17907,38919;;10342,46584;16,39281962;18022,50184
MOEX,MDMG:TQBR;60;20210113;170000;467,3;;;;;;468,4357143;0,305047962;0;;1,507462687;60,11904762;30;70;;17907,39;0;17907,38919;;10342,46584;16,39281962;18002,83046
MOEX,MDMG:TQBR;60;20210113;180000;468,2;;;;;;468,8071429;0,305047962;0;;1,552238806;60,81871345;30;70;;17907,39;0;17907,38919;;10342,46584;16,39281962;18017,58399
MOEX,MDMG:TQBR;60;20210113;190000;464,05;;;;;;468,4785714;0,305047962;0;;0,206666667;17,12707182;30;70;;17907,39;0;17907,38919;;10342,46584;16,39281962;17949,55379
MOEX,MDMG:TQBR;60;20210114;110000;470,05;;;;;;468,4857143;0;143,3877944;;0,92;47,91666667;30;70;;0,00;38,09677522;17907,38919;;7158,062514;23,16742516;18047,91071
MOEX,MDMG:TQBR;60;20210114;120000;466,5;;;;;;467,8928571;0,307369334;0;;0,624434389;38,44011142;30;70;;0,00;38,09677522;17772,14564;;7158,062514;23,16742516;17965,66635
MOEX,MDMG:TQBR;60;20210114;130000;467,35;;;;;;467,4214286;0,307369334;0;;0,870786517;46,54654655;30;70;;0,00;38,09677522;17804,5279;;7158,062514;23,16742516;17985,35866
MOEX,MDMG:TQBR;60;20210114;140000;468;;;;;;467,35;0;143,8488484;;1,090909091;52,17391304;30;70;;0,00;38,09677522;17829,2908;;7158,062514;23,16742516;18000,41749
MOEX,MDMG:TQBR;60;20210114;150000;464,4;;;;;;466,9357143;0,309752042;0;;0,663716814;39,89361702;30;70;;0,00;38,09677522;17692,14241;;7158,062514;23,16742516;17917,01476
MOEX,MDMG:TQBR;60;20210114;160000;464;;;;;;466,3357143;0,309752042;0;;0,993377483;49,83388704;30;70;;0,00;38,09677522;17676,9037;;7158,062514;23,16742516;17907,74779
MOEX,MDMG:TQBR;60;20210114;170000;465,45;;;;;;466,5357143;0,309752042;0;;0,390728477;28,0952381;30;70;;0,00;38,09677522;17732,14403;;7158,062514;23,16742516;17941,34055
MOEX,MDMG:TQBR;60;20210114;180000;463,35;;;;;;465,5785714;0,309752042;0;;0,483606557;32,59668508;30;70;;0,00;38,09677522;17652,1408;;6835,846125;23,8628312;17892,68896
MOEX,MDMG:TQBR;60;20210114;190000;463,7;;;;;;465,1785714;0,309752042;0;;0,401639344;28,65497076;30;70;;0,00;38,09677522;17665,47467;;6835,846125;23,8628312;17901,04095
MOEX,MDMG:TQBR;60;20210115;110000;462,25;;;;;;464,45;0,309752042;0;;0,238410596;19,2513369;30;70;;0,00;38,09677522;17610,23435;;6835,846125;23,8628312;17866,43985
MOEX,MDMG:TQBR;60;20210115;120000;462,3;;;;;;463,6357143;0,309752042;0;;0,46835443;31,89655172;30;70;;0,00;38,09677522;17612,13919;;5971,438697;25,73262879;17867,63299
MOEX,MDMG:TQBR;60;20210115;130000;462;;;;;;463,2928571;0,309752042;0;;0,480519481;32,45614035;30;70;;0,00;38,09677522;17600,71015;;5971,438697;25,73262879;17859,9132
MOEX,MDMG:TQBR;60;20210115;140000;462,05;;;;;;463,0142857;0,309752042;0;;0,116883117;10,46511628;30;70;;0,00;38,09677522;17602,61499;;5971,438697;25,73262879;17861,19983
MOEX,MDMG:TQBR;60;20210115;150000;462,55;;;;;;462,6;0,309752042;0;;0,542857143;35,18518519;30;70;;0,00;38,09677522;17621,66338;;4495,294937;28,92394597;17874,06615
MOEX,MDMG:TQBR;60;20210115;160000;462,8;;;;;;462,5214286;0;143,3532451;;0,485714286;32,69230769;30;70;;0,00;38,09677522;17631,18757;;4495,294937;28,92394597;17881,29713
MOEX,MDMG:TQBR;60;20210115;170000;464,85;;;;;;462,6857143;0;143,3532451;;9,666666667;90,625;30;70;;0,00;38,09677522;17709,28596;;4495,294937;28,92394597;17940,59122
MOEX,MDMG:TQBR;60;20210115;180000;464,95;;;;;;463,0714286;0;143,3532451;;9,833333333;90,76923077;30;70;;0,00;38,09677522;17713,09564;;4495,294937;28,92394597;17943,48362
MOEX,MDMG:TQBR;60;20210115;190000;463,55;;;;;;463,25;0;143,3532451;;2,107142857;67,81609195;30;70;;17659,76;0;17659,76015;;7572,781817;22,2849925;17902,99009
MOEX,MDMG:TQBR;60;20210118;110000;464,35;;;;;;463,5857143;0;143,3532451;;2,642857143;72,54901961;30;70;;17659,76;0;17659,76015;;7572,781817;22,2849925;17920,81809
MOEX,MDMG:TQBR;60;20210118;120000;467,15;;;;;;464,3142857;0;143,3532451;;4,285714286;81,08108108;30;70;;17659,76;0;17659,76015;;7572,781817;22,2849925;17983,21606
MOEX,MDMG:TQBR;60;20210118;130000;466,3;;;;;;464,85;0;143,3532451;;2,555555556;71,875;30;70;;17659,76;0;17659,76015;;7572,781817;22,2849925;17964,27382
MOEX,MDMG:TQBR;60;20210118;140000;465,05;;;;;;465,1714286;0,308253403;0;;1,057142857;51,38888889;30;70;;17659,76;0;17659,76015;;9695,887755;17,71966418;17936,41758
MOEX,MDMG:TQBR;60;20210118;150000;465,65;;;;;;465,2857143;0;143,5381972;;1,2;54,54545455;30;70;;17659,76;0;17659,76015;;9695,887755;17,71966418;17947,04938
MOEX,MDMG:TQBR;60;20210118;160000;466,6;;;;;;465,5214286;0;143,5381972;;2,452380952;71,03448276;30;70;;17659,76;0;17659,76015;;9695,887755;17,71966418;17963,88306
MOEX,MDMG:TQBR;60;20210118;170000;466;;;;;;465,8714286;0;143,5381972;;1,611111111;61,70212766;30;70;;17659,76;0;17659,76015;;10466,49424;16,06600219;17953,25126
MOEX,MDMG:TQBR;60;20210118;180000;465;;;;;;465,9642857;0,308684295;0;;0,418918919;29,52380952;30;70;;17659,76;0;17659,76015;;10466,49424;16,06600219;17937,18526
MOEX,MDMG:TQBR;60;20210118;190000;465,05;;;;;;465,6642857;0,308684295;0;;0,561403509;35,95505618;30;70;;0,00;37,97389561;17659,76015;;9793,368178;17,51342948;17937,98856
MOEX,MDMG:TQBR;60;20210119;110000;463,45;;;;;;465,2571429;0,308684295;0;;0,5;33,33333333;30;70;;0,00;37,97389561;17599,00192;;9793,368178;17,51342948;17909,96707
MOEX,MDMG:TQBR;60;20210119;120000;462,65;;;;;;464,9142857;0,308684295;0;;0,25;20;30;70;;0,00;37,97389561;17568,62281;;9793,368178;17,51342948;17895,95633
MOEX,MDMG:TQBR;60;20210119;130000;460,25;;;;;;464,1428571;0,308684295;0;;0,0078125;0,775193798;30;70;;0,00;37,97389561;17477,48546;;9793,368178;17,51342948;17853,9241
MOEX,MDMG:TQBR;60;20210119;140000;467,3;;;;;;464,2428571;0;144,2481711;;1,224137931;55,03875969;30;70;;0,00;37,97389561;17745,20142;;4479,137384;28,88563319;17977,39377
MOEX,MDMG:TQBR;60;20210119;150000;476,7;;;;;;465,7714286;0;144,2481711;;3,4375;77,46478873;30;70;;0,00;37,97389561;18102,15604;;4479,137384;28,88563319;18248,91873
MOEX,MDMG:TQBR;60;20210119;160000;482,55;;;;;;468,2785714;0;144,2481711;;4,645833333;82,28782288;30;70;;0,00;37,97389561;18324,30333;;4479,137384;28,88563319;18417,89968
MOEX,MDMG:TQBR;60;20210119;170000;491,45;;;;;;472,05;0;144,2481711;;9,75;90,69767442;30;70;;0,00;37,97389561;18662,271;;4479,137384;28,88563319;18674,98182
MOEX,MDMG:TQBR;60;20210119;180000;488,15;;;;;;475,5785714;0;144,2481711;;5,473684211;84,55284553;30;70;;0,00;37,97389561;18536,95714;;4479,137384;28,88563319;18579,65923
MOEX,MDMG:TQBR;60;20210119;190000;490,9;;;;;;479,6142857;0;144,2481711;;10,28787879;91,1409396;30;70;;0,00;37,97389561;18641,38536;;4479,137384;28,88563319;18659,09472
MOEX,MDMG:TQBR;60;20210120;110000;489,95;;;;;;483,8571429;0;144,2481711;;6,329411765;86,35634029;30;70;;0,00;37,97389561;18605,31016;;4479,137384;28,88563319;18631,65337
MOEX,MDMG:TQBR;60;20210120;120000;534;;;;;;493,3857143;0;144,2481711;;14,48235294;93,54103343;30;70;;0,00;37,97389561;20278,06026;;4479,137384;28,88563319;19904,06551
MOEX,MDMG:TQBR;60;20210120;130000;503,35;;;;;;497,1928571;0;144,2481711;;1,595988539;61,4790287;30;70;;19114,16;0;19114,16036;;9140,819324;19,62432011;19018,72085
MOEX,MDMG:TQBR;60;20210120;140000;500;;;;;;499,6857143;0;144,2481711;;1,223529412;55,02645503;30;70;;19114,16;0;19114,16036;;9140,819324;19,62432011;18952,97938
MOEX,MDMG:TQBR;60;20210120;150000;500,75;;;;;;501,0142857;0,288064246;0;;1,360515021;57,63636364;30;70;;19114,16;0;19114,16036;;9140,819324;19,62432011;18967,69762
MOEX,MDMG:TQBR;60;20210120;160000;499,45;;;;;;502,6285714;0,288064246;0;;1,235862069;55,2745219;30;70;;19114,16;0;19114,16036;;9140,819324;19,62432011;18942,186
MOEX,MDMG:TQBR;60;20210120;170000;501;;;;;;504,0714286;0,288064246;0;;1,313031161;56,76668708;30;70;;19114,16;0;19114,16036;;9140,819324;19,62432011;18972,6037
MOEX,MDMG:TQBR;60;20210120;180000;500,8;;;;;;505,6214286;0,288064246;0;;0,064788732;6,084656085;30;70;;19114,16;0;19114,16036;;9140,819324;19,62432011;18968,67884
MOEX,MDMG:TQBR;60;20210120;190000;501,95;;;;;;501,0428571;0;144,5938482;;0,711340206;41,56626506;30;70;;0,00;38,07980946;19114,16036;;5897,509554;26,08574011;18991,2468
MOEX,MDMG:TQBR;60;20210121;110000;495,8;;;;;;499,9642857;0,291637451;0;;0,450980392;31,08108108;30;70;;0,00;38,07980946;18879,96953;;5897,509554;26,08574011;18830,8195
MOEX,MDMG:TQBR;60;20210121;120000;493,4;;;;;;499,0214286;0,291637451;0;;0,268656716;21,17647059;30;70;;0,00;38,07980946;18788,57799;;5897,509554;26,08574011;18768,21373
MOEX,MDMG:TQBR;60;20210121;130000;490,7;;;;;;497,5857143;0,291637451;0;;0,23580786;19,08127208;30;70;;0,00;38,07980946;18685,7625;;5897,509554;26,08574011;18697,78223
MOEX,MDMG:TQBR;60;20210121;140000;490,7;;;;;;496,3357143;0,291637451;0;;0,100436681;9,126984127;30;70;;0,00;38,07980946;18685,7625;;5897,509554;26,08574011;18697,78223
MOEX,MDMG:TQBR;60;20210121;150000;491,8;;;;;;495,0214286;0,291637451;0;;0,2;16,66666667;30;70;;0,00;38,07980946;18727,65029;;5897,509554;26,08574011;18726,47654
MOEX,MDMG:TQBR;60;20210121;160000;493,95;;;;;;494,0428571;0,291637451;0;;0,288888889;22,4137931;30;70;;0,00;38,07980946;18809,52188;;5897,509554;26,08574011;18782,56088
MOEX,MDMG:TQBR;60;20210121;170000;493,95;;;;;;492,9;0;144,0543189;;0,637254902;38,92215569;30;70;;0,00;38,07980946;18809,52188;;4923,927294;28,0567539;18782,56088
MOEX,MDMG:TQBR;60;20210121;180000;494;;;;;;492,6428571;0;144,0543189;;1,222222222;55;30;70;;0,00;38,07980946;18811,42587;;4923,927294;28,0567539;18783,96372
MOEX,MDMG:TQBR;60;20210121;190000;490;;;;;;492,1571429;0,293988406;0;;0,825;45,20547945;30;70;;0,00;38,07980946;18659,10663;;4923,927294;28,0567539;18671,7367
MOEX,MDMG:TQBR;60;20210122;110000;490;;;;;;492,0571429;0,293988406;0;;0,825;45,20547945;30;70;;0,00;38,07980946;18659,10663;;4923,927294;28,0567539;18671,7367
MOEX,MDMG:TQBR;60;20210122;120000;489,2;;;;;;491,8428571;0,293988406;0;;0,458333333;31,42857143;30;70;;0,00;38,07980946;18628,64279;;4923,927294;28,0567539;18649,2913
MOEX,MDMG:TQBR;60;20210122;130000;489,8;;;;;;491,5571429;0,293988406;0;;0,135416667;11,9266055;30;70;;0,00;38,07980946;18651,49067;;4923,927294;28,0567539;18666,12535
MOEX,MDMG:TQBR;60;20210122;140000;493,5;;;;;;491,4928571;0;145,0832783;;0,90625;47,54098361;30;70;;0,00;38,07980946;18792,38597;;3170,30121;31,61020088;18769,93534
MOEX,MDMG:TQBR;60;20210122;150000;495,05;;;;;;491,65;0;145,0832783;;1,21875;54,92957746;30;70;;0,00;38,07980946;18851,40967;;3170,30121;31,61020088;18818,93115
MOEX,MDMG:TQBR;60;20210122;160000;495,05;;;;;;491,8;0;145,0832783;;7,3125;87,96992481;30;70;;0,00;38,07980946;18851,40967;;3170,30121;31,61020088;18818,93115
MOEX,MDMG:TQBR;60;20210122;170000;493,6;;;;;;492,3142857;0;145,0832783;;2,6;72,22222222;30;70;;0,00;38,07980946;18796,19395;;3170,30121;31,61020088;18773,09636
MOEX,MDMG:TQBR;60;20210122;180000;489,7;;;;;;492,2714286;0,296269713;0;;1,093457944;52,23214286;30;70;;18647,68;0;18647,68269;;6264,668618;25,29129664;18649,81658
MOEX,MDMG:TQBR;60;20210122;190000;491,2;;;;;;492,5571429;0,296269713;0;;1,261682243;55,78512397;30;70;;18647,68;0;18647,68269;;6264,668618;25,29129664;18687,75352
MOEX,MDMG:TQBR;60;20210125;110000;491,5;;;;;;492,8;0,296269713;0;;0,626168224;38,50574713;30;70;;18647,68;0;18647,68269;;6264,668618;25,29129664;18695,34091
MOEX,MDMG:TQBR;60;20210125;120000;494,75;;;;;;492,9785714;0;146,5794403;;0,943925234;48,55769231;30;70;;18647,68;0;18647,68269;;6264,668618;25,29129664;18777,53763
MOEX,MDMG:TQBR;60;20210125;130000;491,85;;;;;;492,5214286;0,29801655;0;;0,612121212;37,96992481;30;70;;18647,68;0;18647,68269;;6264,668618;25,29129664;18704,19287
MOEX,MDMG:TQBR;60;20210125;140000;491;;;;;;491,9428571;0,29801655;0;;0,660130719;39,76377953;30;70;;18647,68;0;18647,68269;;6264,668618;25,29129664;18682,69527
MOEX,MDMG:TQBR;60;20210125;150000;491,9;;;;;;491,7;0;146,5943412;;1,586666667;61,34020619;30;70;;18647,68;0;18647,68269;;6264,668618;25,29129664;18705,45743
MOEX,MDMG:TQBR;60;20210125;160000;496,9;;;;;;492,7285714;0;146,5943412;;2,52;71,59090909;30;70;;18647,68;0;18647,68269;;6264,668618;25,29129664;18831,91392
MOEX,MDMG:TQBR;60;20210125;170000;497,95;;;;;;493,6928571;0;146,5943412;;2,72;73,11827957;30;70;;18647,68;0;18647,68269;;6264,668618;25,29129664;18858,46978
MOEX,MDMG:TQBR;60;20210125;180000;499;;;;;;494,7642857;0;146,5943412;;2,133333333;68,08510638;30;70;;18647,68;0;18647,68269;;6899,873043;24,01834187;18885,02564
MOEX,MDMG:TQBR;60;20210125;190000;499,45;;;;;;495,4357143;0;146,5943412;;9,941176471;90,86021505;30;70;;18647,68;0;18647,68269;;6899,873043;24,01834187;18895,83389
MOEX,MDMG:TQBR;60;20210126;110000;496,15;;;;;;496,05;0;146,5943412;;2,560606061;71,91489362;30;70;;18647,68;0;18647,68269;;6899,873043;24,01834187;18816,57336
MOEX,MDMG:TQBR;60;20210126;120000;491,15;;;;;;496,0714286;0,29847163;0;;0,909638554;47,6340694;30;70;;18647,68;0;18647,68269;;9764,186844;18,1864905;18696,48165
MOEX,MDMG:TQBR;60;20210126;130000;490;;;;;;495,8;0,29847163;0;;0,26984127;21,25;30;70;;18647,68;0;18647,68269;;9764,186844;18,1864905;18675,56719
MOEX,MDMG:TQBR;60;20210126;140000;489,35;;;;;;494,7214286;0,29847163;0;;0,148514851;12,93103448;30;70;;18647,68;0;18647,68269;;9764,186844;18,1864905;18663,74597
MOEX,MDMG:TQBR;60;20210126;150000;490,15;;;;;;493,6071429;0,29847163;0;;0,123762376;11,01321586;30;70;;18647,68;0;18647,68269;;9764,186844;18,1864905;18678,29516
MOEX,MDMG:TQBR;60;20210126;160000;490,4;;;;;;492,3785714;0,29847163;0;;0,103960396;9,417040359;30;70;;18647,68;0;18647,68269;;9764,186844;18,1864905;18682,84179
MOEX,MDMG:TQBR;60;20210126;170000;490,9;;;;;;491,1571429;0,29847163;0;;0,227941176;18,56287425;30;70;;18647,68;0;18647,68269;;9764,186844;18,1864905;18691,93503
MOEX,MDMG:TQBR;60;20210126;180000;490,1;;;;;;490,2928571;0,29847163;0;;0,596153846;37,34939759;30;70;;0,00;38,04873024;18647,68269;;7929,835604;21,92930063;18677,38584
MOEX,MDMG:TQBR;60;20210126;190000;489,5;;;;;;490,0571429;0,29847163;0;;0,756097561;43,05555556;30;70;;0,00;38,04873024;18624,85345;;7929,835604;21,92930063;18664,22826
MOEX,MDMG:TQBR;60;20210127;110000;486,95;;;;;;489,6214286;0,29847163;0;;0,392405063;28,18181818;30;70;;0,00;38,04873024;18527,82919;;7929,835604;21,92930063;18608,30854
MOEX,MDMG:TQBR;60;20210127;120000;487,9;;;;;;489,4142857;0,29847163;0;;0,430379747;30,08849558;30;70;;0,00;38,04873024;18563,97548;;7778,639221;22,23919278;18629,14138
MOEX,MDMG:TQBR;60;20210127;130000;488,05;;;;;;489,1142857;0,29847163;0;;0,405063291;28,82882883;30;70;;0,00;38,04873024;18569,68279;;7778,639221;22,23919278;18632,47726
MOEX,MDMG:TQBR;60;20210127;140000;487,85;;;;;;488,75;0,29847163;0;;0,265060241;20,95238095;30;70;;0,00;38,04873024;18562,07305;;7778,639221;22,23919278;18628,02942
MOEX,MDMG:TQBR;60;20210127;150000;488,5;;;;;;488,4071429;0;145,8033913;;0,52238806;34,31372549;30;70;;0,00;38,04873024;18586,80472;;6739,308434;24,36678907;18642,48489
MOEX,MDMG:TQBR;60;20210127;160000;489,65;;;;;;488,3428571;0;145,8033913;;1,054545455;51,32743363;30;70;;0,00;38,04873024;18630,56076;;6739,308434;24,36678907;18670,5067
MOEX,MDMG:TQBR;60;20210127;170000;489,45;;;;;;488,3357143;0;145,8033913;;7,25;87,87878788;30;70;;0,00;38,04873024;18622,95102;;6739,308434;24,36678907;18665,63334
MOEX,MDMG:TQBR;60;20210127;180000;488,5;;;;;;488,5571429;0,29847163;0;;1,444444444;59,09090909;30;70;;18586,80;0;18586,80472;;10165,98045;17,35210737;18642,48489
MOEX,MDMG:TQBR;60;20210127;190000;487,65;;;;;;488,5214286;0,29847163;0;;0,818181818;45;30;70;;18586,80;0;18586,80472;;10165,98045;17,35210737;18627,7356
MOEX,MDMG:TQBR;60;20210128;110000;490,8;;;;;;488,9142857;0;146,4898761;;2,475;71,22302158;30;70;;18586,80;0;18586,80472;;10165,98045;17,35210737;18682,39474
MOEX,MDMG:TQBR;60;20210128;120000;491,6;;;;;;489,45;0;146,4898761;;2,55;71,83098592;30;70;;18586,80;0;18586,80472;;10165,98045;17,35210737;18696,27643
MOEX,MDMG:TQBR;60;20210128;130000;488,1;;;;;;489,3928571;0,300122672;0;;0,718181818;41,7989418;30;70;;18586,80;0;18586,80472;;12709,56352;12,14091483;18635,54405
MOEX,MDMG:TQBR;60;20210128;140000;486,95;;;;;;489,0071429;0,300122672;0;;0,612403101;37,98076923;30;70;;18586,80;0;18586,80472;;12709,56352;12,14091483;18621,582
MOEX,MDMG:TQBR;60;20210128;150000;487,5;;;;;;488,7285714;0,300122672;0;;0,818181818;45;30;70;;18586,80;0;18586,80472;;12709,56352;12,14091483;18628,2595
MOEX,MDMG:TQBR;60;20210128;160000;483,9;;;;;;488,0714286;0,300122672;0;;0,545454545;35,29411765;30;70;;18586,80;0;18586,80472;;12709,56352;12,14091483;18584,55221
MOEX,MDMG:TQBR;60;20210128;170000;485,05;;;;;;487,7;0,300122672;0;;0,303030303;23,25581395;30;70;;18586,80;0;18586,80472;;12709,56352;12,14091483;18598,51426
MOEX,MDMG:TQBR;60;20210128;180000;485,5;;;;;;486,9428571;0,300122672;0;;0,260606061;20,67307692;30;70;;18586,80;0;18586,80472;;12709,56352;12,14091483;18603,97767
MOEX,MDMG:TQBR;60;20210128;190000;485;;;;;;486;0,300122672;0;;0,40952381;29,05405405;30;70;;18586,80;0;18586,80472;;12709,56352;12,14091483;18597,90722
MOEX,MDMG:TQBR;60;20210129;110000;485,5;;;;;;485,6285714;0,300122672;0;;0,646341463;39,25925926;30;70;;0,00;38,28384083;18586,80472;;11412,52649;14,81246383;18603,97767
MOEX,MDMG:TQBR;60;20210129;120000;477,75;;;;;;484,3142857;0,300122672;0;;0,17721519;15,05376344;30;70;;0,00;38,28384083;18290,10496;;11412,52649;14,81246383;18489,18108
MOEX,MDMG:TQBR;60;20210129;130000;477,05;;;;;;482,8214286;0,300122672;0;;0,234636872;19,00452489;30;70;;0,00;38,28384083;18263,30627;;11412,52649;14,81246383;18478,81235
MOEX,MDMG:TQBR;60;20210129;140000;477,6;;;;;;481,9214286;0,300122672;0;;0,167597765;14,35406699;30;70;;0,00;38,28384083;18284,36238;;11412,52649;14,81246383;18486,95921
MOEX,MDMG:TQBR;60;20210129;150000;477,3;;;;;;480,8142857;0,300122672;0;;0,113513514;10,19417476;30;70;;0,00;38,28384083;18272,87723;;11412,52649;14,81246383;18482,51547
MOEX,MDMG:TQBR;60;20210129;160000;477;;;;;;479,6;0,300122672;0;;0,116022099;10,3960396;30;70;;0,00;38,28384083;18261,39208;;11412,52649;14,81246383;18478,07173
MOEX,MDMG:TQBR;60;20210129;170000;473,5;;;;;;477,9571429;0,300122672;0;;0,043824701;4,198473282;30;70;;0,00;38,28384083;18127,39863;;11412,52649;14,81246383;18426,22811
MOEX,MDMG:TQBR;60;20210129;180000;472;;;;;;476,0285714;0,300122672;0;;0,087301587;8,02919708;30;70;;0,00;38,28384083;18069,97287;;11412,52649;14,81246383;18404,00941
MOEX,MDMG:TQBR;60;20210129;190000;471,95;;;;;;475,2;0,300122672;0;;0,097345133;8,870967742;30;70;;0,00;38,28384083;18068,05868;;11412,52649;14,81246383;18403,26879
MOEX,MDMG:TQBR;60;20210201;110000;477,45;;;;;;475,2571429;0;143,2935696;;0,973451327;49,32735426;30;70;;0,00;38,28384083;18278,6198;;6795,430659;24,48278706;18484,73734
MOEX,MDMG:TQBR;60;20210201;120000;461,75;;;;;;472,9928571;0,310327168;0;;0,26128266;20,71563089;30;70;;0,00;38,28384083;17677,5635;;6795,430659;24,48278706;18100,35758
MOEX,MDMG:TQBR;60;20210201;130000;462;;;;;;470,8071429;0,310327168;0;;0,277108434;21,69811321;30;70;;0,00;38,28384083;17687,13446;;6795,430659;24,48278706;18106,47828
MOEX,MDMG:TQBR;60;20210201;140000;459;;;;;;468,2357143;0,310327168;0;;0,283950617;22,11538462;30;70;;0,00;38,28384083;17572,28294;;6795,430659;24,48278706;18033,02992
MOEX,MDMG:TQBR;60;20210201;150000;460,6;;;;;;466,3928571;0,310327168;0;;0,392;28,16091954;30;70;;0,00;38,28384083;17633,53709;;6795,430659;24,48278706;18072,20238
MOEX,MDMG:TQBR;60;20210201;160000;461,8;;;;;;464,9357143;0,310327168;0;;0,457219251;31,37614679;30;70;;0,00;38,28384083;17679,47769;;6576,942121;24,95591079;18101,58172
MOEX,MDMG:TQBR;60;20210201;170000;464,4;;;;;;463,8571429;0;144,1159366;;0,302139037;23,20328542;30;70;;0,00;38,28384083;17779,01568;;6576,942121;24,95591079;18166,46709
MOEX,MDMG:TQBR;60;20210201;180000;462,7;;;;;;461,75;0;144,1159366;;1,20212766;54,58937198;30;70;;0,00;38,28384083;17713,93315;;4512,697374;29,41721346;18124,04204
MOEX,MDMG:TQBR;60;20210201;190000;464;;;;;;462,0714286;0;144,1159366;;1,425531915;58,77192982;30;70;;0,00;38,28384083;17763,70214;;4512,697374;29,41721346;18162,28442
MOEX,MDMG:TQBR;60;20210202;110000;462,95;;;;;;462,2071429;0;144,1159366;;2,436363636;70,8994709;30;70;;0,00;38,28384083;17723,50411;;4512,697374;29,41721346;18131,39634
MOEX,MDMG:TQBR;60;20210202;120000;463,8;;;;;;462,8928571;0;144,1159366;;2,163636364;68,3908046;30;70;;17756,05;0;17756,04538;;4854,972368;28,67923374;18156,40098
MOEX,MDMG:TQBR;60;20210202;130000;466;;;;;;463,6642857;0;144,1159366;;2,527272727;71,64948454;30;70;;17756,05;0;17756,04538;;4854,972368;28,67923374;18219,49529
MOEX,MDMG:TQBR;60;20210202;140000;468,2;;;;;;464,5785714;0;144,1159366;;2,381818182;70,43010753;30;70;;17756,05;0;17756,04538;;4854,972368;28,67923374;18282,5896
MOEX,MDMG:TQBR;60;20210202;150000;469,05;;;;;;465,2428571;0;144,1159366;;7,047619048;87,5739645;30;70;;17756,05;0;17756,04538;;4854,972368;28,67923374;18306,96695
MOEX,MDMG:TQBR;60;20210202;160000;470,2;;;;;;466,3142857;0;144,1159366;;6,904761905;87,34939759;30;70;;17756,05;0;17756,04538;;4854,972368;28,67923374;18339,94807
MOEX,MDMG:TQBR;60;20210202;170000;470,65;;;;;;467,2642857;0;144,1159366;;7,333333333;88;30;70;;17756,05;0;17756,04538;;4854,972368;28,67923374;18352,85373
MOEX,MDMG:TQBR;60;20210202;180000;472,2;;;;;;468,5857143;0;144,1159366;;;;30;70;;17756,05;0;17756,04538;;16772,22644;3,441508049;18397,30654
MOEX,MDMG:TQBR;60;20210202;190000;471;;;;;;469,6142857;0;144,1159366;;5,166666667;83,78378378;30;70;;0,00;37,69861014;17756,04538;;2719,820504;33,27676481;18393,17673
MOEX,MDMG:TQBR;60;20210203;110000;468;;;;;;469,9;0,307940036;0;;0,952380952;48,7804878;30;70;;17642,95;0;17642,94955;;8171,06788;21,62880033;18293,34644
MOEX,MDMG:TQBR;60;20210203;120000;470,55;;;;;;470,2357143;0;144,9011837;;1,357142857;57,57575758;30;70;;17642,95;0;17642,94955;;8171,06788;21,62880033;18348,49988
MOEX,MDMG:TQBR;60;20210203;130000;470,65;;;;;;470,4642857;0;144,9011837;;1,107142857;52,54237288;30;70;;17642,95;0;17642,94955;;8171,06788;21,62880033;18350,66276
MOEX,MDMG:TQBR;60;20210203;140000;469,65;;;;;;470,3857143;0,308530147;0;;0,807692308;44,68085106;30;70;;17642,95;0;17642,94955;;8171,06788;21,62880033;18329,03396
MOEX,MDMG:TQBR;60;20210203;150000;467,5;;;;;;469,9357143;0,308530147;0;;0,360544218;26,5;30;70;;17642,95;0;17642,94955;;8171,06788;21,62880033;18282,53204
MOEX,MDMG:TQBR;60;20210203;160000;469,4;;;;;;469,5357143;0,308530147;0;;0,739837398;42,52336449;30;70;;0,00;37,58617287;17642,94955;;6861,787891;24,4180632;18323,62676
MOEX,MDMG:TQBR;60;20210203;170000;469;;;;;;469,25;0,308530147;0;;1,281690141;56,17283951;30;70;;0,00;37,58617287;17627,91508;;6861,787891;24,4180632;18313,85953
MOEX,MDMG:TQBR;60;20210203;180000;468,05;;;;;;469,2571429;0,308530147;0;;0,444444444;30,76923077;30;70;;0,00;37,58617287;17592,20821;;6861,787891;24,4180632;18290,66237
MOEX,MDMG:TQBR;60;20210203;190000;468,35;;;;;;468,9428571;0,308530147;0;;0,488888889;32,8358209;30;70;;0,00;37,58617287;17603,48406;;6861,787891;24,4180632;18297,98779
MOEX,MDMG:TQBR;60;20210204;110000;466,3;;;;;;468,3214286;0,308530147;0;;0,396396396;28,38709677;30;70;;0,00;37,58617287;17526,43241;;6861,787891;24,4180632;18247,93076
MOEX,MDMG:TQBR;60;20210204;120000;465,1;;;;;;467,6714286;0,308530147;0;;0,47826087;32,35294118;30;70;;0,00;37,58617287;17481,329;;6589,66006;25,00315851;18218,62908
MOEX,MDMG:TQBR;60;20210204;130000;467,8;;;;;;467,7142857;0;144,330403;;0,652173913;39,47368421;30;70;;0,00;37,58617287;17582,81167;;6589,66006;25,00315851;18286,13761
MOEX,MDMG:TQBR;60;20210204;140000;467,7;;;;;;467,4714286;0;144,330403;;0,697674419;41,09589041;30;70;;0,00;37,58617287;17579,05305;;6589,66006;25,00315851;18283,6373
MOEX,MDMG:TQBR;60;20210204;150000;466,05;;;;;;467,05;0,309688666;0;;0,6;37,5;30;70;;0,00;37,58617287;17517,03587;;6589,66006;25,00315851;18242,38208
MOEX,MDMG:TQBR;60;20210204;160000;467,85;;;;;;467,0214286;0;144,8878426;;0,9;47,36842105;30;70;;0,00;37,58617287;17584,69098;;6589,66006;25,00315851;18287,38777
MOEX,MDMG:TQBR;60;20210204;170000;466,55;;;;;;466,7642857;0,310551586;0;;1,058823529;51,42857143;30;70;;0,00;37,58617287;17535,82895;;6589,66006;25,00315851;18254,88366
MOEX,MDMG:TQBR;60;20210204;180000;467,75;;;;;;466,9714286;0;145,2605045;;1,868852459;65,14285714;30;70;;0,00;37,58617287;17580,93236;;6589,66006;25,00315851;18284,88745
MOEX,MDMG:TQBR;60;20210204;190000;466,5;;;;;;467,1714286;0,311383718;0;;0,697674419;41,09589041;30;70;;0,00;37,58617287;17533,94964;;6589,66006;25,00315851;18253,63351
MOEX,MDMG:TQBR;60;20210205;110000;465,15;;;;;;466,7928571;0,311383718;0;;0,540540541;35,0877193;30;70;;0,00;37,58617287;17483,20831;;6589,66006;25,00315851;18219,87924
MOEX,MDMG:TQBR;60;20210205;120000;464,15;;;;;;466,2857143;0,311383718;0;;0,612244898;37,97468354;30;70;;0,00;37,58617287;17445,62214;;6589,66006;25,00315851;18194,87608
MOEX,MDMG:TQBR;60;20210205;130000;465,2;;;;;;466,1642857;0,311383718;0;;0,459183673;31,46853147;30;70;;0,00;37,58617287;17485,08762;;6589,66006;25,00315851;18221,1294
MOEX,MDMG:TQBR;60;20210205;140000;465;;;;;;465,7571429;0,311383718;0;;0,592105263;37,19008264;30;70;;0,00;37,58617287;17477,57039;;6589,66006;25,00315851;18216,12877
MOEX,MDMG:TQBR;60;20210205;150000;465;;;;;;465,5357143;0,311383718;0;;0,276315789;21,64948454;30;70;;0,00;37,58617287;17477,57039;;6589,66006;25,00315851;18216,12877
MOEX,MDMG:TQBR;60;20210205;160000;463,75;;;;;;464,9642857;0,311383718;0;;0,276315789;21,64948454;30;70;;0,00;37,58617287;17430,58767;;6589,66006;25,00315851;18184,87482
MOEX,MDMG:TQBR;60;20210205;170000;464,35;;;;;;464,6571429;0,311383718;0;;0,673469388;40,24390244;30;70;;0,00;37,58617287;17453,13937;;5364,35113;27,64192007;18199,87672
MOEX,MDMG:TQBR;60;20210205;180000;463,15;;;;;;464,3714286;0,311383718;0;;0,622641509;38,37209302;30;70;;0,00;37,58617287;17408,03597;;5364,35113;27,64192007;18166,70641
MOEX,MDMG:TQBR;60;20210205;190000;463;;;;;;464,2071429;0,311383718;0;;0,214285714;17,64705882;30;70;;0,00;37,58617287;17402,39804;;5364,35113;27,64192007;18162,56012
MOEX,MDMG:TQBR;60;20210208;110000;472,9;;;;;;465,3071429;0;147,2533603;;4,038461538;80,15267176;30;70;;0,00;37,58617287;17774,50115;;2011,330576;34,73225747;18436,21513
MOEX,MDMG:TQBR;60;20210208;120000;473,6;;;;;;466,5357143;0;147,2533603;;4,307692308;81,15942029;30;70;;0,00;37,58617287;17800,81147;;2011,330576;34,73225747;18460,52771
MOEX,MDMG:TQBR;60;20210208;130000;476,6;;;;;;468,1928571;0;147,2533603;;10,51851852;91,31832797;30;70;;0,00;37,58617287;17913,56999;;2011,330576;34,73225747;18564,72448
MOEX,MDMG:TQBR;60;20210208;140000;478,25;;;;;;470,2642857;0;147,2533603;;11,2962963;91,86746988;30;70;;0,00;37,58617287;17975,58718;;2011,330576;34,73225747;18622,03271
MOEX,MDMG:TQBR;60;20210208;150000;478,85;;;;;;472,3357143;0;147,2533603;;105,6666667;99,0625;30;70;;0,00;37,58617287;17998,13888;;2011,330576;34,73225747;18642,87206
MOEX,MDMG:TQBR;60;20210208;160000;481,55;;;;;;474,9642857;0;147,2533603;;123,6666667;99,19786096;30;70;;0,00;37,58617287;18099,62155;;2011,330576;34,73225747;18736,64916
MOEX,MDMG:TQBR;60;20210208;170000;481,05;;;;;;477,5428571;0;147,2533603;;17,3;94,53551913;30;70;;0,00;37,58617287;18080,82846;;2011,330576;34,73225747;18719,28303
MOEX,MDMG:TQBR;60;20210208;180000;481,45;;;;;;478,7642857;0;147,2533603;;16,7;94,35028249;30;70;;0,00;37,58617287;18095,86293;;2011,330576;34,73225747;18733,17593
MOEX,MDMG:TQBR;60;20210208;190000;486,1;;;;;;480,55;0;147,2533603;;20;95,23809524;30;70;;0,00;37,58617287;18270,63863;;2011,330576;34,73225747;18894,68093
MOEX,MDMG:TQBR;60;20210209;110000;484,7;;;;;;481,7071429;0;147,2533603;;4,394736842;81,46341463;30;70;;0,00;37,58617287;18218,01799;;2011,330576;34,73225747;18846,05577
MOEX,MDMG:TQBR;60;20210209;120000;488,7;;;;;;483,2;0;147,2533603;;6,184210526;86,08058608;30;70;;0,00;37,58617287;18368,36268;;2011,330576;34,73225747;18984,9848
MOEX,MDMG:TQBR;60;20210209;130000;495;;;;;;485,5071429;0;147,2533603;;8,078947368;88,98550725;30;70;;0,00;37,58617287;18605,15557;;2011,330576;34,73225747;19203,79802
MOEX,MDMG:TQBR;60;20210209;140000;491,85;;;;;;486,9785714;0;147,2533603;;3,373626374;77,13567839;30;70;;0,00;37,58617287;18486,75913;;2011,330576;34,73225747;19094,39141
MOEX,MDMG:TQBR;60;20210209;150000;493,9;;;;;;488,8142857;0;147,2533603;;3,736263736;78,8863109;30;70;;0,00;37,58617287;18563,81078;;2011,330576;34,73225747;19165,59254
MOEX,MDMG:TQBR;60;20210209;160000;492,2;;;;;;490,35;0;147,2533603;;1,976;66,39784946;30;70;;18499,91;0;18499,91429;;4146,260176;30,39473288;19106,5477
MOEX,MDMG:TQBR;60;20210209;170000;499,85;;;;;;492,3142857;0;147,2533603;;4,12371134;80,48289738;30;70;;18499,91;0;18499,91429;;4146,260176;30,39473288;19339,06741
MOEX,MDMG:TQBR;60;20210209;180000;499,95;;;;;;494,4928571;0;147,2533603;;3,319587629;76,849642;30;70;;18499,91;0;18499,91429;;4146,260176;30,39473288;19342,10688
MOEX,MDMG:TQBR;60;20210209;190000;499,95;;;;;;496,1;0;147,2533603;;2,020618557;66,89419795;30;70;;18499,91;0;18499,91429;;5659,074193;27,36880226;19342,10688
MOEX,MDMG:TQBR;60;20210210;110000;491,2;;;;;;495,5571429;0,2997829;0;;0,937799043;48,39506173;30;70;;18499,91;0;18499,91429;;5659,074193;27,36880226;19102,62986
MOEX,MDMG:TQBR;60;20210210;120000;498,15;;;;;;496,4571429;0;149,3368514;;1,406698565;58,44930417;30;70;;18499,91;0;18499,91429;;5659,074193;27,36880226;19292,84304
MOEX,MDMG:TQBR;60;20210210;130000;497,5;;;;;;496,9714286;0;149,3368514;;1,563829787;60,99585062;30;70;;18499,91;0;18499,91429;;5659,074193;27,36880226;19275,05332
MOEX,MDMG:TQBR;60;20210210;140000;498,4;;;;;;497,8571429;0;149,3368514;;0,845744681;45,82132565;30;70;;18499,91;0;18499,91429;;5659,074193;27,36880226;19299,68524
MOEX,MDMG:TQBR;60;20210210;150000;498,35;;;;;;497,6428571;0;149,3368514;;0,830687831;45,37572254;30;70;;18499,91;0;18499,91429;;5659,074193;27,36880226;19298,3168
MOEX,MDMG:TQBR;60;20210210;160000;496,75;;;;;;497,1857143;0,300627783;0;;0,71040724;41,53439153;30;70;;18499,91;0;18499,91429;;5659,074193;27,36880226;19254,52671
MOEX,MDMG:TQBR;60;20210210;170000;497,85;;;;;;496,8857143;0;149,667542;;3,891304348;79,55555556;30;70;;18499,91;0;18499,91429;;5659,074193;27,36880226;19284,6324
MOEX,MDMG:TQBR;60;20210210;180000;495,95;;;;;;497,5642857;0,301779498;0;;0,476190476;32,25806452;30;70;;18499,91;0;18499,91429;;12079,02632;14,42404546;19232,63167
MOEX,MDMG:TQBR;60;20210210;190000;498,1;;;;;;497,5571429;0;150,3163679;;1,169014085;53,8961039;30;70;;18499,91;0;18499,91429;;12079,02632;14,42404546;19263,64337
MOEX,MDMG:TQBR;60;20210211;110000;489;;;;;;496,3428571;0,307395435;0;;0,256916996;20,44025157;30;70;;18499,91;0;18499,91429;;12079,02632;14,42404546;19132,38456
MOEX,MDMG:TQBR;60;20210211;120000;493,8;;;;;;495,6857143;0,307395435;0;;0,638888889;38,98305085;30;70;;0,00;37,46438697;18499,91429;;9839,236719;18,95986888;19201,61997
MOEX,MDMG:TQBR;60;20210211;130000;496,25;;;;;;495,3857143;0;152,5449848;;0,954545455;48,8372093;30;70;;0,00;37,46438697;18591,70204;;9839,236719;18,95986888;19248,07165
MOEX,MDMG:TQBR;60;20210211;140000;497,85;;;;;;495,5428571;0;152,5449848;;1;50;30;70;;0,00;37,46438697;18651,64505;;9839,236719;18,95986888;19278,40744
MOEX,MDMG:TQBR;60;20210211;150000;497,95;;;;;;495,5571429;0;152,5449848;;1,21978022;54,95049505;30;70;;0,00;37,46438697;18655,39149;;9839,236719;18,95986888;19280,30343
MOEX,MDMG:TQBR;60;20210211;160000;497,15;;;;;;495,7285714;0;152,5449848;;0,904040404;47,4801061;30;70;;0,00;37,46438697;18625,41998;;9839,236719;18,95986888;19265,13553
MOEX,MDMG:TQBR;60;20210211;170000;496;;;;;;495,4285714;0;152,5449848;;4,58974359;82,11009174;30;70;;0,00;37,46438697;18582,33594;;9839,236719;18,95986888;19243,33169
MOEX,MDMG:TQBR;60;20210211;180000;495,35;;;;;;496,3357143;0,307953941;0;;1,596153846;61,48148148;30;70;;18557,98;0;18557,98409;;11776,62857;15,04871143;19231,00777
MOEX,MDMG:TQBR;60;20210211;190000;497;;;;;;496,7928571;0;153,0531088;;1,288461538;56,30252101;30;70;;18557,98;0;18557,98409;;11776,62857;15,04871143;19255,83814
MOEX,MDMG:TQBR;60;20210212;110000;493,75;;;;;;496,4357143;0,30998098;0;;0,299145299;23,02631579;30;70;;18557,98;0;18557,98409;;11776,62857;15,04871143;19206,92983
MOEX,MDMG:TQBR;60;20210212;120000;494,9;;;;;;496,0142857;0,30998098;0;;0,478632479;32,3699422;30;70;;0,00;37,49845239;18557,98409;;10676,26439;17,27211853;19224,23585
MOEX,MDMG:TQBR;60;20210212;130000;498,35;;;;;;496,0714286;0;154,4790213;;1,237623762;55,30973451;30;70;;0,00;37,49845239;18687,35375;;10676,26439;17,27211853;19283,82466
MOEX,MDMG:TQBR;60;20210212;140000;497,6;;;;;;496,1357143;0;154,4790213;;1,344086022;57,33944954;30;70;;0,00;37,49845239;18659,22991;;10676,26439;17,27211853;19270,87057
MOEX,MDMG:TQBR;60;20210212;150000;497;;;;;;496,2785714;0;154,4790213;;1,358695652;57,60368664;30;70;;0,00;37,49845239;18636,73084;;10676,26439;17,27211853;19260,5073
MOEX,MDMG:TQBR;60;20210212;160000;497,3;;;;;;496,5571429;0;154,4790213;;1,065217391;51,57894737;30;70;;0,00;37,49845239;18647,98037;;10676,26439;17,27211853;19265,68894
MOEX,MDMG:TQBR;60;20210212;170000;497,4;;;;;;496,6142857;0;154,4790213;;3,703703704;78,74015748;30;70;;0,00;37,49845239;18651,73022;;10676,26439;17,27211853;19267,41615
MOEX,MDMG:TQBR;60;20210212;180000;496,5;;;;;;497,0071429;0,311135995;0;;1,711111111;63,1147541;30;70;;18617,98;0;18617,98161;;12016,23755;14,57328034;19251,87124
MOEX,MDMG:TQBR;60;20210212;190000;492,35;;;;;;496,6428571;0,311135995;0;;0,0625;5,882352941;30;70;;18617,98;0;18617,98161;;12016,23755;14,57328034;19191,39213
MOEX,MDMG:TQBR;60;20210215;110000;495,35;;;;;;496,2142857;0,311135995;0;;0,601769912;37,56906077;30;70;;0,00;37,58550845;18617,98161;;8208,687467;22,25986575;19235,11197
MOEX,MDMG:TQBR;60;20210215;120000;493,3;;;;;;495,6;0,311135995;0;;0,478873239;32,38095238;30;70;;0,00;37,58550845;18540,93132;;8208,687467;22,25986575;19189,47924
MOEX,MDMG:TQBR;60;20210215;130000;491,8;;;;;;494,8571429;0,311135995;0;;0,360465116;26,4957265;30;70;;0,00;37,58550845;18484,55306;;8208,687467;22,25986575;19156,08944
MOEX,MDMG:TQBR;60;20210215;140000;493,35;;;;;;494,2928571;0,311135995;0;;0,529069767;34,60076046;30;70;;0,00;37,58550845;18542,81059;;7543,37056;23,60843555;19190,59224
MOEX,MDMG:TQBR;60;20210215;150000;492,75;;;;;;493,6285714;0,311135995;0;;0,548192771;35,40856031;30;70;;0,00;37,58550845;18520,25929;;7543,37056;23,60843555;19176,42717
MOEX,MDMG:TQBR;60;20210215;160000;492,8;;;;;;493,1;0,311135995;0;;1,108433735;52,57142857;30;70;;0,00;37,58550845;18522,13856;;7543,37056;23,60843555;19177,6076
MOEX,MDMG:TQBR;60;20210215;170000;491,55;;;;;;492,9857143;0,311135995;0;;0,296296296;22,85714286;30;70;;0,00;37,58550845;18475,15668;;7543,37056;23,60843555;19148,09705
MOEX,MDMG:TQBR;60;20210215;180000;491,4;;;;;;492,4214286;0,311135995;0;;0,457142857;31,37254902;30;70;;0,00;37,58550845;18469,51885;;6901,021918;24,91561634;19144,55579
MOEX,MDMG:TQBR;60;20210215;190000;492,2;;;;;;492,2642857;0,311135995;0;;1,2;54,54545455;30;70;;0,00;37,58550845;18499,58726;;6901,021918;24,91561634;19164,48828
MOEX,MDMG:TQBR;60;20210216;110000;492,85;;;;;;492,4142857;0;153,3433749;;0,75;42,85714286;30;70;;0,00;37,58550845;18524,01784;;6901,021918;24,91561634;19180,68343
MOEX,MDMG:TQBR;60;20210216;120000;493,15;;;;;;492,3857143;0;153,3433749;;1,285714286;56,25;30;70;;0,00;37,58550845;18535,29349;;6901,021918;24,91561634;19188,15812
MOEX,MDMG:TQBR;60;20210216;130000;493,25;;;;;;492,4571429;0;153,3433749;;1,321428571;56,92307692;30;70;;0,00;37,58550845;18539,05204;;6901,021918;24,91561634;19190,64968
MOEX,MDMG:TQBR;60;20210216;140000;492,8;;;;;;492,4571429;0;153,3433749;;3,083333333;75,51020408;30;70;;0,00;37,58550845;18522,13856;;6901,021918;24,91561634;19179,43765
MOEX,MDMG:TQBR;60;20210216;150000;491,55;;;;;;492,4571429;0,311958854;0;;1,088235294;52,11267606;30;70;;18475,16;0;18475,15668;;9766,580632;19,08597802;19148,29313
MOEX,MDMG:TQBR;60;20210216;160000;492,55;;;;;;492,6214286;0,311958854;0;;1,205882353;54,66666667;30;70;;18475,16;0;18475,15668;;9766,580632;19,08597802;19167,37911
MOEX,MDMG:TQBR;60;20210216;170000;493,55;;;;;;492,8142857;0;153,9672926;;1,411764706;58,53658537;30;70;;18475,16;0;18475,15668;;9766,580632;19,08597802;19186,46509
MOEX,MDMG:TQBR;60;20210216;180000;495,9;;;;;;493,25;0;153,9672926;;2,617647059;72,35772358;30;70;;18475,16;0;18475,15668;;9766,580632;19,08597802;19231,31713
MOEX,MDMG:TQBR;60;20210216;190000;495,1;;;;;;493,5285714;0;153,9672926;;1,74;63,50364964;30;70;;18475,16;0;18475,15668;;10603,24349;17,39609142;19216,04835
MOEX,MDMG:TQBR;60;20210217;110000;494,85;;;;;;493,7571429;0;153,9672926;;1,891304348;65,41353383;30;70;;18475,16;0;18475,15668;;10603,24349;17,39609142;19211,69933
MOEX,MDMG:TQBR;60;20210217;120000;494;;;;;;493,9285714;0;153,9672926;;2,289473684;69,6;30;70;;18475,16;0;18475,15668;;10603,24349;17,39609142;19196,91265
MOEX,MDMG:TQBR;60;20210217;130000;493,6;;;;;;494,2214286;0,311927254;0;;1,456521739;59,2920354;30;70;;18475,16;0;18475,15668;;10603,24349;17,39609142;19189,95421
MOEX,MDMG:TQBR;60;20210217;140000;497,25;;;;;;494,8928571;0;155,1058271;;2,608695652;72,28915663;30;70;;18475,16;0;18475,15668;;10603,24349;17,39609142;19253,44995
MOEX,MDMG:TQBR;60;20210217;150000;500,05;;;;;;495,8214286;0;155,1058271;;2,804347826;73,71428571;30;70;;18475,16;0;18475,15668;;10603,24349;17,39609142;19302,159
MOEX,MDMG:TQBR;60;20210217;160000;502,4;;;;;;496,75;0;155,1058271;;5,866666667;85,4368932;30;70;;18475,16;0;18475,15668;;10603,24349;17,39609142;19343,03982
MOEX,MDMG:TQBR;60;20210217;170000;504,8;;;;;;498,1357143;0;155,1058271;;8,96;89,95983936;30;70;;18475,16;0;18475,15668;;10603,24349;17,39609142;19384,79044
MOEX,MDMG:TQBR;60;20210217;180000;504,25;;;;;;499,4785714;0;155,1058271;;11,78947368;92,18106996;30;70;;18475,16;0;18475,15668;;10603,24349;17,39609142;19375,22259
MOEX,MDMG:TQBR;60;20210217;190000;502;;;;;;500,6214286;0;155,1058271;;4;80;30;70;;18475,16;0;18475,15668;;10603,24349;17,39609142;19336,08138
MOEX,MDMG:TQBR;60;20210218;110000;500,6;;;;;;501,6214286;0,309839846;0;;1,797619048;64,25531915;30;70;;18475,16;0;18475,15668;;11974,3664;14,65713234;19311,72685
MOEX,MDMG:TQBR;60;20210218;120000;502,85;;;;;;502,4214286;0;155,8029668;;1,666666667;62,5;30;70;;18475,16;0;18475,15668;;11974,3664;14,65713234;19344,7054
MOEX,MDMG:TQBR;60;20210218;130000;503,7;;;;;;502,9428571;0;155,8029668;;1,30952381;56,70103093;30;70;;18475,16;0;18475,15668;;11974,3664;14,65713234;19357,16396
MOEX,MDMG:TQBR;60;20210218;140000;505,65;;;;;;503,4071429;0;155,8029668;;1,202380952;54,59459459;30;70;;18475,16;0;18475,15668;;11974,3664;14,65713234;19385,74537
MOEX,MDMG:TQBR;60;20210218;150000;504,5;;;;;;503,3642857;0;155,8029668;;1,052083333;51,26903553;30;70;;18475,16;0;18475,15668;;11974,3664;14,65713234;19368,88967
MOEX,MDMG:TQBR;60;20210218;160000;505,9;;;;;;503,6;0;155,8029668;;2,529411765;71,66666667;30;70;;18475,16;0;18475,15668;;11974,3664;14,65713234;19389,40966
MOEX,MDMG:TQBR;60;20210218;170000;509,65;;;;;;504,6928571;0;155,8029668;;8,869565217;89,86784141;30;70;;18475,16;0;18475,15668;;11974,3664;14,65713234;19444,3739
MOEX,MDMG:TQBR;60;20210218;180000;510;;;;;;506,0357143;0;155,8029668;;7,217391304;87,83068783;30;70;;18475,16;0;18475,15668;;11974,3664;14,65713234;19449,5039
MOEX,MDMG:TQBR;60;20210218;190000;507;;;;;;506,6285714;0;155,8029668;;1,795180723;64,22413793;30;70;;18475,16;0;18475,15668;;13728,60834;11,19708908;19405,5325
MOEX,MDMG:TQBR;60;20210219;110000;510,6;;;;;;507,6142857;0;155,8029668;;2,192771084;68,67924528;30;70;;18475,16;0;18475,15668;;13728,60834;11,19708908;19445,84202
MOEX,MDMG:TQBR;60;20210219;120000;510,25;;;;;;508,2714286;0;155,8029668;;2,71641791;73,09236948;30;70;;18475,16;0;18475,15668;;13728,60834;11,19708908;19441,92304
MOEX,MDMG:TQBR;60;20210219;130000;512,95;;;;;;509,4785714;0;155,8029668;;3,104477612;75,63636364;30;70;;18475,16;0;18475,15668;;13728,60834;11,19708908;19472,15518
MOEX,MDMG:TQBR;60;20210219;140000;512,7;;;;;;510,45;0;155,8029668;;1,847222222;64,87804878;30;70;;18475,16;0;18475,15668;;14346,21604;9,992470984;19469,35591
MOEX,MDMG:TQBR;60;20210219;150000;509,35;;;;;;510,4071429;0,305885868;0;;0,90647482;47,54716981;30;70;;18475,16;0;18475,15668;;14346,21604;9,992470984;19435,88113
MOEX,MDMG:TQBR;60;20210219;160000;508,95;;;;;;510,2571429;0,305885868;0;;1,448275862;59,15492958;30;70;;18475,16;0;18475,15668;;14346,21604;9,992470984;19431,88414
MOEX,MDMG:TQBR;60;20210219;170000;507;;;;;;510,2571429;0,305885868;0;;0,428571429;30;30;70;;18475,16;0;18475,15668;;14346,21604;9,992470984;19412,39882
MOEX,MDMG:TQBR;60;20210219;180000;506;;;;;;509,6;0,305885868;0;;0,388489209;27,97927461;30;70;;18475,16;0;18475,15668;;14346,21604;9,992470984;19402,40635
MOEX,MDMG:TQBR;60;20210219;190000;510;;;;;;509,5642857;0;156,0017926;;0,575539568;36,52968037;30;70;;0,00;36,22579741;18475,15668;;13119,55635;12,39768605;19442,37624
MOEX,MDMG:TQBR;60;20210220;110000;511;;;;;;509,2857143;0;156,0017926;;0,746268657;42,73504274;30;70;;0,00;36,22579741;18511,38248;;13119,55635;12,39768605;19454,77392
MOEX,MDMG:TQBR;60;20210220;120000;524,9;;;;;;511,0285714;0;156,0017926;;5,641791045;84,94382022;30;70;;0,00;36,22579741;19014,92106;;13119,55635;12,39768605;19627,10176
MOEX,MDMG:TQBR;60;20210220;130000;529;;;;;;513,8357143;0;156,0017926;;7,796610169;88,63198459;30;70;;0,00;36,22579741;19163,44683;;13119,55635;12,39768605;19677,93227
MOEX,MDMG:TQBR;60;20210220;140000;531;;;;;;516,9857143;0;156,0017926;;25;96,15384615;30;70;;0,00;36,22579741;19235,89842;;13119,55635;12,39768605;19702,72764
MOEX,MDMG:TQBR;60;20210220;150000;537;;;;;;521,2714286;0;156,0017926;;31;96,875;30;70;;0,00;36,22579741;19453,25321;;13119,55635;12,39768605;19777,11376
MOEX,MDMG:TQBR;60;20210220;160000;541,6;;;;;;526,3571429;0;156,0017926;;;;30;70;;19619,89;0;19619,89188;;19624,31228;0,387427689;19834,14312
MOEX,MDMG:TQBR;60;20210220;170000;540;;;;;;530,6428571;0;156,0017926;;19,125;95,0310559;30;70;;0,00;36,33313311;19619,89188;;975,1211071;34,9229669;19833,52323
MOEX,MDMG:TQBR;60;20210220;180000;542,6;;;;;;535,1571429;0;156,0017926;;12,0625;92,34449761;30;70;;0,00;36,33313311;19714,35802;;975,1211071;34,9229669;19924,32295
MOEX,MDMG:TQBR;60;20210220;190000;537,05;;;;;;536,8928571;0;156,0017926;;2,125874126;68,00894855;30;70;;19512,71;0;19512,70913;;5539,345656;26,42427115;19730,50048
MOEX,MDMG:TQBR;60;20210222;110000;559;;;;;;541,1785714;0;156,0017926;;4,916083916;83,09692671;30;70;;19512,71;0;19512,70913;;5539,345656;26,42427115;20310,51323
MOEX,MDMG:TQBR;60;20210222;120000;553,7;;;;;;544,4214286;0;156,0017926;;2,341365462;70,07211538;30;70;;19512,71;0;19512,70913;;5539,345656;26,42427115;20170,46459
MOEX,MDMG:TQBR;60;20210222;130000;560;;;;;;547,7071429;0;156,0017926;;2,477911647;71,24711316;30;70;;19512,71;0;19512,70913;;5539,345656;26,42427115;20336,9375
MOEX,MDMG:TQBR;60;20210222;140000;559,65;;;;;;550,2857143;0;156,0017926;;2,754464286;73,36504162;30;70;;19512,71;0;19512,70913;;5539,345656;26,42427115;20327,68901
MOEX,MDMG:TQBR;60;20210222;150000;555,55;;;;;;552,5071429;0;156,0017926;;1,846405229;64,86796785;30;70;;19512,71;0;19512,70913;;6786,716411;24,17898134;20219,3495
MOEX,MDMG:TQBR;60;20210222;160000;558;;;;;;554,7071429;0;156,0017926;;3,148717949;75,89616811;30;70;;19512,71;0;19512,70913;;6786,716411;24,17898134;20278,588
MOEX,MDMG:TQBR;60;20210222;170000;559,8;;;;;;557,9571429;0;156,0017926;;1,082051282;51,97044335;30;70;;19512,71;0;19512,70913;;10025,15747;18,39398482;20322,11017
MOEX,MDMG:TQBR;60;20210222;180000;556,85;;;;;;557,65;0,280150476;0;;1,425675676;58,77437326;30;70;;19512,71;0;19512,70913;;10025,15747;18,39398482;20267,84791
MOEX,MDMG:TQBR;60;20210222;190000;543,95;;;;;;556,2571429;0,280150476;0;;0,209359606;17,31160896;30;70;;19512,71;0;19512,70913;;10025,15747;18,39398482;20030,56551
MOEX,MDMG:TQBR;60;20210224;110000;548;;;;;;554,5428571;0,280150476;0;;0,4160401;29,38053097;30;70;;19512,71;0;19512,70913;;10025,15747;18,39398482;20105,06115
MOEX,MDMG:TQBR;60;20210224;120000;537,05;;;;;;551,3142857;0,280150476;0;;0,309701493;23,64672365;30;70;;19512,71;0;19512,70913;;10025,15747;18,39398482;19903,64701
MOEX,MDMG:TQBR;60;20210224;130000;526,95;;;;;;547,2285714;0,280150476;0;;0,158536585;13,68421053;30;70;;19512,71;0;19512,70913;;10025,15747;18,39398482;19717,86777
MOEX,MDMG:TQBR;60;20210224;140000;529,05;;;;;;543,0928571;0,280150476;0;;0,166666667;14,28571429;30;70;;19512,71;0;19512,70913;;10025,15747;18,39398482;19756,49513
MOEX,MDMG:TQBR;60;20210224;150000;528,7;;;;;;538,65;0,280150476;0;;0,179300292;15,2039555;30;70;;19512,71;0;19512,70913;;10025,15747;18,39398482;19750,05724
MOEX,MDMG:TQBR;60;20210224;160000;527,45;;;;;;534,45;0,280150476;0;;0,271523179;21,35416667;30;70;;19512,71;0;19512,70913;;10025,15747;18,39398482;19727,06476
MOEX,MDMG:TQBR;60;20210224;170000;518,1;;;;;;530,7571429;0,280150476;0;;0,065625;6,158357771;30;70;;19512,71;0;19512,70913;;10025,15747;18,39398482;19555,081
MOEX,MDMG:TQBR;60;20210224;180000;514,4;;;;;;525,9571429;0,280150476;0;;0,084848485;7,82122905;30;70;;19512,71;0;19512,70913;;10025,15747;18,39398482;19487,02326
MOEX,MDMG:TQBR;60;20210224;190000;518,5;;;;;;523,3071429;0,280150476;0;;0,423208191;29,73621103;30;70;;19512,71;0;19512,70913;;10025,15747;18,39398482;19562,43859
MOEX,MDMG:TQBR;60;20210225;110000;522,3;;;;;;522,6428571;0,280150476;0;;0,539249147;35,03325942;30;70;;0,00;37,35919804;19512,70913;;9494,120024;19,4107136;19632,33574
MOEX,MDMG:TQBR;60;20210225;120000;517,4;;;;;;520,9785714;0,280150476;0;;0,411458333;29,15129151;30;70;;0,00;37,35919804;19329,64906;;9494,120024;19,4107136;19537,22324
MOEX,MDMG:TQBR;60;20210225;130000;519,5;;;;;;519,6642857;0,280150476;0;;0,557103064;35,77817531;30;70;;0,00;37,35919804;19408,10338;;8864,955722;20,62180946;19577,98574
MOEX,MDMG:TQBR;60;20210225;140000;519;;;;;;518,4571429;0;145,3980971;;1,098901099;52,35602094;30;70;;0,00;37,35919804;19389,42378;;8864,955722;20,62180946;19567,67483
MOEX,MDMG:TQBR;60;20210225;150000;518,35;;;;;;518,4928571;0,280501779;0;;1,652892562;62,30529595;30;70;;0,00;37,35919804;19365,1403;;8864,955722;20,62180946;19554,27066
MOEX,MDMG:TQBR;60;20210225;160000;516,1;;;;;;518,7357143;0,280501779;0;;0,710843373;41,54929577;30;70;;0,00;37,35919804;19281,08211;;8864,955722;20,62180946;19507,87159
MOEX,MDMG:TQBR;60;20210225;170000;514,3;;;;;;518,1357143;0,280501779;0;;0,207920792;17,21311475;30;70;;0,00;37,35919804;19213,83555;;8864,955722;20,62180946;19470,75233
MOEX,MDMG:TQBR;60;20210225;180000;513,45;;;;;;516,8714286;0,280501779;0;;0,347107438;25,76687117;30;70;;0,00;37,35919804;19182,08023;;8864,955722;20,62180946;19453,22379
MOEX,MDMG:TQBR;60;20210225;190000;510;;;;;;515,8142857;0,280501779;0;;0;0;30;70;;0,00;37,35919804;19053,191;;8864,955722;20,62180946;19382,07855
MOEX,MDMG:TQBR;60;20210226;110000;499,25;;;;;;512,9214286;0,280501779;0;;0;0;30;70;;0,00;37,35919804;18651,57962;;8864,955722;20,62180946;19160,3941
MOEX,MDMG:TQBR;60;20210226;120000;508,95;;;;;;511,4857143;0,280501779;0;;0,507853403;33,68055556;30;70;;0,00;37,35919804;19013,96384;;5879,189385;26,48833139;19360,42565
MOEX,MDMG:TQBR;60;20210226;130000;507,05;;;;;;509,8714286;0,280501779;0;;0,517333333;34,09490334;30;70;;0,00;37,35919804;18942,98136;;5879,189385;26,48833139;19310,09782
MOEX,MDMG:TQBR;60;20210226;140000;510,6;;;;;;509,0857143;0;143,2242083;;0,781710914;43,87417219;30;70;;0,00;37,35919804;19075,60652;;5879,189385;26,48833139;19404,13139
MOEX,MDMG:TQBR;60;20210226;150000;512,55;;;;;;508,8357143;0;143,2242083;;0,944099379;48,56230032;30;70;;0,00;37,35919804;19148,45695;;5879,189385;26,48833139;19455,78364
MOEX,MDMG:TQBR;60;20210226;160000;512,9;;;;;;508,7571429;0;143,2242083;;1,229249012;55,14184397;30;70;;0,00;37,35919804;19161,53267;;5879,189385;26,48833139;19465,05456
MOEX,MDMG:TQBR;60;20210226;170000;512,9;;;;;;509,1714286;0;143,2242083;;8,184210526;89,11174785;30;70;;0,00;37,35919804;19161,53267;;5879,189385;26,48833139;19465,05456
MOEX,MDMG:TQBR;60;20210226;180000;511,4;;;;;;510,9071429;0;143,2242083;;1,720588235;63,24324324;30;70;;19105,49;0;19105,49388;;9383,37134;19,63619617;19425,32206
MOEX,MDMG:TQBR;60;20210226;190000;502;;;;;;509,9142857;0,285307188;0;;0,536697248;34,92537313;30;70;;19105,49;0;19105,49388;;9383,37134;19,63619617;19240,74182
MOEX,MDMG:TQBR;60;20210301;110000;508,95;;;;;;510,1857143;0,285307188;0;;0,848623853;45,9057072;30;70;;19105,49;0;19105,49388;;9383,37134;19,63619617;19377,21338
MOEX,MDMG:TQBR;60;20210301;120000;507,95;;;;;;509,8071429;0,285307188;0;;0,613445378;38,02083333;30;70;;19105,49;0;19105,49388;;9383,37134;19,63619617;19357,57718
MOEX,MDMG:TQBR;60;20210301;130000;507;;;;;;509,0142857;0,285307188;0;;0,540856031;35,1010101;30;70;;19105,49;0;19105,49388;;9383,37134;19,63619617;19338,9228
MOEX,MDMG:TQBR;60;20210301;140000;507,75;;;;;;508,2785714;0,285307188;0;;0,59922179;37,46958637;30;70;;19105,49;0;19105,49388;;9383,37134;19,63619617;19353,64994
MOEX,MDMG:TQBR;60;20210301;150000;507,9;;;;;;507,5642857;0;144,9075207;;0,691629956;40,88541667;30;70;;19105,49;0;19105,49388;;9383,37134;19,63619617;19356,59537
MOEX,MDMG:TQBR;60;20210301;160000;507,8;;;;;;507,05;0;144,9075207;;3,829268293;79,29292929;30;70;;19105,49;0;19105,49388;;9383,37134;19,63619617;19354,63175
MOEX,MDMG:TQBR;60;20210301;170000;509,25;;;;;;508,0857143;0;144,9075207;;1,146341463;53,40909091;30;70;;19105,49;0;19105,49388;;11971,68604;14,55359489;19383,10424
MOEX,MDMG:TQBR;60;20210301;180000;508,05;;;;;;507,9571429;0;144,9075207;;1,044444444;51,08695652;30;70;;19105,49;0;19105,49388;;11971,68604;14,55359489;19365,63992
MOEX,MDMG:TQBR;60;20210301;190000;507;;;;;;507,8214286;0,28581365;0;;1;50;30;70;;19105,49;0;19105,49388;;11971,68604;14,55359489;19350,35865
MOEX,MDMG:TQBR;60;20210302;110000;503,35;;;;;;507,3;0,28581365;0;;0,266666667;21,05263158;30;70;;19105,49;0;19105,49388;;11971,68604;14,55359489;19297,23803
MOEX,MDMG:TQBR;60;20210302;120000;510,95;;;;;;507,7571429;0;146,0364846;;1,508333333;60,13289037;30;70;;0,00;37,39210075;19105,49388;;7293,120156;23,71019707;19407,84535
MOEX,MDMG:TQBR;60;20210302;130000;513,1;;;;;;508,5;0;146,0364846;;1,898305085;65,49707602;30;70;;0,00;37,39210075;19185,88689;;7293,120156;23,71019707;19458,82227
MOEX,MDMG:TQBR;60;20210302;140000;515,35;;;;;;509,5785714;0;146,0364846;;2,033898305;67,03910615;30;70;;0,00;37,39210075;19270,01912;;7293,120156;23,71019707;19512,17022
MOEX,MDMG:TQBR;60;20210302;150000;512,7;;;;;;510,0714286;0;146,0364846;;1,632653061;62,01550388;30;70;;0,00;37,39210075;19170,93005;;7293,120156;23,71019707;19449,33819
MOEX,MDMG:TQBR;60;20210302;160000;511,75;;;;;;510,6;0;146,0364846;;1,655172414;62,33766234;30;70;;0,00;37,39210075;19135,40756;;7293,120156;23,71019707;19426,81351
MOEX,MDMG:TQBR;60;20210302;170000;512,2;;;;;;511,3428571;0;146,0364846;;3,458333333;77,57009346;30;70;;0,00;37,39210075;19152,234;;7293,120156;23,71019707;19437,4831
MOEX,MDMG:TQBR;60;20210302;180000;511,75;;;;;;512,5428571;0,285366848;0;;1,197530864;54,49438202;30;70;;19135,41;0;19135,40756;;10093,05622;18,23890041;19426,81351
MOEX,MDMG:TQBR;60;20210302;190000;512,05;;;;;;512,7;0,285366848;0;;0,740740741;42,55319149;30;70;;19135,41;0;19135,40756;;10093,05622;18,23890041;19432,28518
MOEX,MDMG:TQBR;60;20210303;110000;512,5;;;;;;512,6142857;0,285366848;0;;0,296296296;22,85714286;30;70;;19135,41;0;19135,40756;;10093,05622;18,23890041;19440,49268
MOEX,MDMG:TQBR;60;20210303;120000;514,55;;;;;;512,5;0;146,8355118;;2,321428571;69,89247312;30;70;;0,00;37,18862609;19135,40756;;5345,753894;27,46502485;19477,88243
MOEX,MDMG:TQBR;60;20210303;130000;514,5;;;;;;512,7571429;0;146,8355118;;6,5;86,66666667;30;70;;0,00;37,18862609;19133,54813;;5345,753894;27,46502485;19476,50918
MOEX,MDMG:TQBR;60;20210303;140000;517,75;;;;;;513,6142857;0;146,8355118;;12,1;92,36641221;30;70;;0,00;37,18862609;19254,41116;;5345,753894;27,46502485;19565,77051
MOEX,MDMG:TQBR;60;20210303;150000;516,8;;;;;;514,2714286;0;146,8355118;;6,05;85,81560284;30;70;;0,00;37,18862609;19219,08197;;5345,753894;27,46502485;19539,67873
MOEX,MDMG:TQBR;60;20210303;160000;516,4;;;;;;514,9357143;0;146,8355118;;4,107142857;80,41958042;30;70;;0,00;37,18862609;19204,20651;;5345,753894;27,46502485;19528,69272
MOEX,MDMG:TQBR;60;20210303;170000;517,35;;;;;;515,6928571;0;146,8355118;;4,464285714;81,69934641;30;70;;0,00;37,18862609;19239,53571;;5345,753894;27,46502485;19554,7845
MOEX,MDMG:TQBR;60;20210303;180000;515;;;;;;516,05;0,285117499;0;;1,12;52,83018868;30;70;;19152,14;0;19152,14244;;9429,148385;19,5361035;19490,24169
MOEX,MDMG:TQBR;60;20210303;190000;513,1;;;;;;515,8428571;0,285117499;0;;0,75;42,85714286;30;70;;19152,14;0;19152,14244;;9429,148385;19,5361035;19453,12309
MOEX,MDMG:TQBR;60;20210304;110000;511,35;;;;;;515,3928571;0,285117499;0;;0,129251701;11,44578313;30;70;;19152,14;0;19152,14244;;9429,148385;19,5361035;19418,93491
MOEX,MDMG:TQBR;60;20210304;120000;521,8;;;;;;515,9714286;0;148,7743108;;1,78125;64,04494382;30;70;;0,00;36,70399087;19152,14244;;4469,495474;29,04099601;19623,08719
MOEX,MDMG:TQBR;60;20210304;130000;520,65;;;;;;516,5214286;0;148,7743108;;1,594405594;61,45552561;30;70;;0,00;36,70399087;19109,93285;;4469,495474;29,04099601;19589,69005
MOEX,MDMG:TQBR;60;20210304;140000;520,95;;;;;;517,1714286;0;148,7743108;;1,503496503;60,05586592;30;70;;0,00;36,70399087;19120,94405;;4469,495474;29,04099601;19598,40235
MOEX,MDMG:TQBR;60;20210304;150000;519,2;;;;;;517,4357143;0;148,7743108;;1,641221374;62,13872832;30;70;;0,00;36,70399087;19056,71206;;4469,495474;29,04099601;19547,5806
MOEX,MDMG:TQBR;60;20210304;160000;520,7;;;;;;518,25;0;148,7743108;;2,634408602;72,4852071;30;70;;0,00;36,70399087;19111,76805;;4469,495474;29,04099601;19591,1421
MOEX,MDMG:TQBR;60;20210304;170000;516,55;;;;;;518,7428571;0,288015315;0;;1,737588652;63,47150259;30;70;;18959,45;0;18959,44649;;5821,652689;26,42332644;19470,62196
MOEX,MDMG:TQBR;60;20210304;180000;519,3;;;;;;519,8785714;0,288015315;0;;0,645390071;39,22413793;30;70;;18959,45;0;18959,44649;;5821,652689;26,42332644;19543,28611
MOEX,MDMG:TQBR;60;20210304;190000;523;;;;;;520,05;0;150,6320095;;1,398305085;58,30388693;30;70;;18959,45;0;18959,44649;;5821,652689;26,42332644;19641,05242
MOEX,MDMG:TQBR;60;20210305;110000;525,75;;;;;;520,7785714;0;150,6320095;;1,813559322;64,45783133;30;70;;18959,45;0;18959,44649;;5821,652689;26,42332644;19713,71657
MOEX,MDMG:TQBR;60;20210305;120000;523,55;;;;;;521,15;0;150,6320095;;1,68503937;62,75659824;30;70;;18959,45;0;18959,44649;;5821,652689;26,42332644;19655,58525
MOEX,MDMG:TQBR;60;20210305;130000;524,1;;;;;;521,85;0;150,6320095;;1,535433071;60,55900621;30;70;;18959,45;0;18959,44649;;5821,652689;26,42332644;19670,11808
MOEX,MDMG:TQBR;60;20210305;140000;522,45;;;;;;522,1;0;150,6320095;;2,532467532;71,69117647;30;70;;18959,45;0;18959,44649;;5821,652689;26,42332644;19626,51959
MOEX,MDMG:TQBR;60;20210305;150000;522,45;;;;;;522,9428571;0,288318518;0;;1,818181818;64,51612903;30;70;;18959,45;0;18959,44649;;6812,158438;24,52744024;19626,51959
MOEX,MDMG:TQBR;60;20210305;160000;521,1;;;;;;523,2;0,288318518;0;;0,634615385;38,82352941;30;70;;18959,45;0;18959,44649;;6812,158438;24,52744024;19593,40755
MOEX,MDMG:TQBR;60;20210305;170000;520,35;;;;;;522,8214286;0,288318518;0;;0,092436975;8,461538462;30;70;;18959,45;0;18959,44649;;6812,158438;24,52744024;19575,01197
MOEX,MDMG:TQBR;60;20210305;180000;514,6;;;;;;521,2285714;0,288318518;0;;0,057894737;5,472636816;30;70;;18959,45;0;18959,44649;;6812,158438;24,52744024;19433,97918
MOEX,MDMG:TQBR;60;20210305;190000;527,95;;;;;;521,8571429;0;152,2177614;;1,405263158;58,42450766;30;70;;0,00;35,91144329;18959,44649;;3204,9931;31,35983978;19761,42051
MOEX,MDMG:TQBR;60;20210309;110000;513,55;;;;;;520,35;0,296403001;0;;0,6;37,5;30;70;;0,00;35,91144329;18442,3217;;3204,9931;31,35983978;19309,83882
MOEX,MDMG:TQBR;60;20210309;120000;514;;;;;;519,1428571;0,296403001;0;;0,620224719;38,28016644;30;70;;0,00;35,91144329;18458,48185;;3204,9931;31,35983978;19323,95075
MOEX,MDMG:TQBR;60;20210309;130000;514,1;;;;;;517,95;0,296403001;0;;0,66507177;39,94252874;30;70;;0,00;35,91144329;18462,073;;3204,9931;31,35983978;19327,08673
MOEX,MDMG:TQBR;60;20210309;140000;512,6;;;;;;516,7357143;0,296403001;0;;0,642032333;39,09985935;30;70;;0,00;35,91144329;18408,20583;;3204,9931;31,35983978;19280,04697
MOEX,MDMG:TQBR;60;20210309;150000;514,4;;;;;;515,8857143;0,296403001;0;;0,987421384;49,6835443;30;70;;0,00;35,91144329;18472,84643;;3204,9931;31,35983978;19336,49468
MOEX,MDMG:TQBR;60;20210309;160000;515,15;;;;;;515,9642857;0,296403001;0;;0,194968553;16,31578947;30;70;;0,00;35,91144329;18499,78001;;3204,9931;31,35983978;19360,01456
MOEX,MDMG:TQBR;60;20210309;170000;515,95;;;;;;514,25;0;152,9291286;;2,6;72,22222222;30;70;;0,00;35,91144329;18528,50917;;1413,195788;34,8326517;19385,10243
MOEX,MDMG:TQBR;60;20210309;180000;515,9;;;;;;514,5857143;0;152,9291286;;2,225806452;69;30;70;;18526,71;0;18526,71359;;1992,234439;33,71026626;19383,3608
MOEX,MDMG:TQBR;60;20210309;190000;524,95;;;;;;516,15;0;152,9291286;;8;88,88888889;30;70;;18526,71;0;18526,71359;;1992,234439;33,71026626;19688,43871
MOEX,MDMG:TQBR;60;20210310;110000;516,95;;;;;;516,5571429;0;152,9291286;;1,540372671;60,63569682;30;70;;18526,71;0;18526,71359;;6915,78321;24,18603999;19418,75658
MOEX,MDMG:TQBR;60;20210310;120000;520,9;;;;;;517,7428571;0;152,9291286;;1,807453416;64,38053097;30;70;;18526,71;0;18526,71359;;6915,78321;24,18603999;19514,29144
MOEX,MDMG:TQBR;60;20210310;130000;520,9;;;;;;518,6714286;0;152,9291286;;1,714285714;63,15789474;30;70;;18526,71;0;18526,71359;;6915,78321;24,18603999;19514,29144
MOEX,MDMG:TQBR;60;20210310;140000;520,85;;;;;;519,4857143;0;152,9291286;;1,604938272;61,61137441;30;70;;18526,71;0;18526,71359;;6915,78321;24,18603999;19513,08214
MOEX,MDMG:TQBR;60;20210310;150000;518,35;;;;;;519,8285714;0,295030633;0;;1,232227488;55,20169851;30;70;;18526,71;0;18526,71359;;6915,78321;24,18603999;19452,61704
MOEX,MDMG:TQBR;60;20210310;160000;520,25;;;;;;520,45;0,295030633;0;;0,55450237;35,67073171;30;70;;18526,71;0;18526,71359;;6915,78321;24,18603999;19498,57051
MOEX,MDMG:TQBR;60;20210310;170000;518,05;;;;;;519,4642857;0,295030633;0;;1,231578947;55,18867925;30;70;;18526,71;0;18526,71359;;6915,78321;24,18603999;19445,36123
MOEX,MDMG:TQBR;60;20210310;180000;519,9;;;;;;519,8857143;0;153,3864261;;0,789473684;44,11764706;30;70;;18526,71;0;18526,71359;;6915,78321;24,18603999;19490,1054
MOEX,MDMG:TQBR;60;20210310;190000;520,4;;;;;;519,8142857;0;153,3864261;;0,894736842;47,22222222;30;70;;18526,71;0;18526,71359;;6915,78321;24,18603999;19502,19842
